date_日期,price_价格,title_名称,itemurl_商品链接,qushi_趋势,changPriceRemark_趋势变动
2021-07-15,8499.0,京品电脑戴尔(DELL)游匣G15 15.6英寸游戏笔记本电脑(11代英特尔酷睿i7-11800H 16G 512G RTX3060 165Hz 100%sRGB)黑,http://item.jd.com/100012622295.html,上涨,降幅6%
2021-07-15,8499.0,京品电脑戴尔(DELL)游匣G15 15.6英寸游戏笔记本电脑(11代英特尔酷睿i7-11800H 16G 512G RTX3060 165Hz 100%sRGB)黑,http://item.jd.com/100012622295.html,上涨,降幅6%
2021-07-16,8499.0,京品电脑戴尔(DELL)游匣G15 15.6英寸游戏笔记本电脑(11代英特尔酷睿i7-11800H 16G 512G RTX3060 165Hz 100%sRGB)黑,http://item.jd.com/100012622295.html,上涨,降幅6%
2021-07-16,8499.0,京品电脑戴尔(DELL)游匣G15 15.6英寸游戏笔记本电脑(11代英特尔酷睿i7-11800H 16G 512G RTX3060 165Hz 100%sRGB)黑,http://item.jd.com/100012622295.html,上涨,降幅6%
2021-07-17,7999.0,京品电脑戴尔(DELL)游匣G15 15.6英寸游戏笔记本电脑(11代英特尔酷睿i7-11800H 16G 512G RTX3060 165Hz 100%sRGB)黑,http://item.jd.com/100012622295.html,上涨,降幅6%
2021-07-17,7999.0,京品电脑戴尔(DELL)游匣G15 15.6英寸游戏笔记本电脑(11代英特尔酷睿i7-11800H 16G 512G RTX3060 165Hz 100%sRGB)黑,http://item.jd.com/100012622295.html,上涨,降幅6%
2021-07-18,8499.0,京品电脑戴尔(DELL)游匣G15 15.6英寸游戏笔记本电脑(11代英特尔酷睿i7-11800H 16G 512G RTX3060 165Hz 100%sRGB)黑,http://item.jd.com/100012622295.html,上涨,降幅6%
2021-07-18,8499.0,京品电脑戴尔(DELL)游匣G15 15.6英寸游戏笔记本电脑(11代英特尔酷睿i7-11800H 16G 512G RTX3060 165Hz 100%sRGB)黑,http://item.jd.com/100012622295.html,上涨,降幅6%
2021-07-19,8499.0,京品电脑戴尔(DELL)游匣G15 15.6英寸游戏笔记本电脑(11代英特尔酷睿i7-11800H 16G 512G RTX3060 165Hz 100%sRGB)黑,http://item.jd.com/100012622295.html,上涨,降幅6%
2021-07-19,8499.0,京品电脑戴尔(DELL)游匣G15 15.6英寸游戏笔记本电脑(11代英特尔酷睿i7-11800H 16G 512G RTX3060 165Hz 100%sRGB)黑,http://item.jd.com/100012622295.html,上涨,降幅6%
2021-07-20,8499.0,京品电脑戴尔(DELL)游匣G15 15.6英寸游戏笔记本电脑(11代英特尔酷睿i7-11800H 16G 512G RTX3060 165Hz 100%sRGB)黑,http://item.jd.com/100012622295.html,上涨,降幅6%
2021-07-20,8499.0,京品电脑戴尔(DELL)游匣G15 15.6英寸游戏笔记本电脑(11代英特尔酷睿i7-11800H 16G 512G RTX3060 165Hz 100%sRGB)黑,http://item.jd.com/100012622295.html,上涨,降幅6%
2021-07-21,7999.0,京品电脑戴尔(DELL)游匣G15 15.6英寸游戏笔记本电脑(11代英特尔酷睿i7-11800H 16G 512G RTX3060 165Hz 100%sRGB)黑,http://item.jd.com/100012622295.html,上涨,降幅6%
2021-07-21,7999.0,京品电脑戴尔(DELL)游匣G15 15.6英寸游戏笔记本电脑(11代英特尔酷睿i7-11800H 16G 512G RTX3060 165Hz 100%sRGB)黑,http://item.jd.com/100012622295.html,上涨,降幅6%
2021-07-22,8499.0,京品电脑戴尔(DELL)游匣G15 15.6英寸游戏笔记本电脑(11代英特尔酷睿i7-11800H 16G 512G RTX3060 165Hz 100%sRGB)黑,http://item.jd.com/100012622295.html,上涨,降幅6%
2021-07-22,8499.0,京品电脑戴尔(DELL)游匣G15 15.6英寸游戏笔记本电脑(11代英特尔酷睿i7-11800H 16G 512G RTX3060 165Hz 100%sRGB)黑,http://item.jd.com/100012622295.html,上涨,降幅6%
2021-07-23,8499.0,京品电脑戴尔(DELL)游匣G15 15.6英寸游戏笔记本电脑(11代英特尔酷睿i7-11800H 16G 512G RTX3060 165Hz 100%sRGB)黑,http://item.jd.com/100012622295.html,上涨,降幅6%
2021-07-23,8499.0,京品电脑戴尔(DELL)游匣G15 15.6英寸游戏笔记本电脑(11代英特尔酷睿i7-11800H 16G 512G RTX3060 165Hz 100%sRGB)黑,http://item.jd.com/100012622295.html,上涨,降幅6%
2021-07-24,8499.0,京品电脑戴尔(DELL)游匣G15 15.6英寸游戏笔记本电脑(11代英特尔酷睿i7-11800H 16G 512G RTX3060 165Hz 100%sRGB)黑,http://item.jd.com/100012622295.html,上涨,降幅6%
2021-07-24,8499.0,京品电脑戴尔(DELL)游匣G15 15.6英寸游戏笔记本电脑(11代英特尔酷睿i7-11800H 16G 512G RTX3060 165Hz 100%sRGB)黑,http://item.jd.com/100012622295.html,上涨,降幅6%
2021-07-25,8499.0,京品电脑戴尔(DELL)游匣G15 15.6英寸游戏笔记本电脑(11代英特尔酷睿i7-11800H 16G 512G RTX3060 165Hz 100%sRGB)黑,http://item.jd.com/100012622295.html,上涨,降幅6%
2021-07-25,8499.0,京品电脑戴尔(DELL)游匣G15 15.6英寸游戏笔记本电脑(11代英特尔酷睿i7-11800H 16G 512G RTX3060 165Hz 100%sRGB)黑,http://item.jd.com/100012622295.html,上涨,降幅6%
2021-07-26,8499.0,京品电脑戴尔(DELL)游匣G15 15.6英寸游戏笔记本电脑(11代英特尔酷睿i7-11800H 16G 512G RTX3060 165Hz 100%sRGB)黑,http://item.jd.com/100012622295.html,上涨,降幅6%
2021-07-26,8499.0,京品电脑戴尔(DELL)游匣G15 15.6英寸游戏笔记本电脑(11代英特尔酷睿i7-11800H 16G 512G RTX3060 165Hz 100%sRGB)黑,http://item.jd.com/100012622295.html,上涨,降幅6%
2021-07-27,9499.0,京品电脑戴尔(DELL)游匣G15 15.6英寸游戏笔记本电脑(11代英特尔酷睿i7-11800H 16G 512G RTX3060 165Hz 100%sRGB)黑,http://item.jd.com/100012622295.html,上涨,降幅6%
2021-07-27,9499.0,京品电脑戴尔(DELL)游匣G15 15.6英寸游戏笔记本电脑(11代英特尔酷睿i7-11800H 16G 512G RTX3060 165Hz 100%sRGB)黑,http://item.jd.com/100012622295.html,上涨,降幅6%
2021-07-28,9499.0,京品电脑戴尔(DELL)游匣G15 15.6英寸游戏笔记本电脑(11代英特尔酷睿i7-11800H 16G 512G RTX3060 165Hz 100%sRGB)黑,http://item.jd.com/100012622295.html,上涨,降幅6%
2021-07-29,9499.0,京品电脑戴尔(DELL)游匣G15 15.6英寸游戏笔记本电脑(11代英特尔酷睿i7-11800H 16G 512G RTX3060 165Hz 100%sRGB)黑,http://item.jd.com/100012622295.html,上涨,降幅6%
2021-07-30,7999.0,京品电脑戴尔(DELL)游匣G15 15.6英寸游戏笔记本电脑(11代英特尔酷睿i7-11800H 16G 512G RTX3060 165Hz 100%sRGB)黑,http://item.jd.com/100012622295.html,上涨,降幅6%
2021-07-29,7999.0,京品电脑戴尔(DELL)游匣G15 15.6英寸游戏笔记本电脑(11代英特尔酷睿i7-11800H 16G 512G RTX3060 165Hz 100%sRGB)黑,http://item.jd.com/100012622295.html,上涨,降幅6%
2021-07-30,8199.0,京品电脑戴尔(DELL)游匣G15 15.6英寸游戏笔记本电脑(11代英特尔酷睿i7-11800H 16G 512G RTX3060 165Hz 100%sRGB)黑,http://item.jd.com/100012622295.html,上涨,降幅6%
2021-07-31,8199.0,京品电脑戴尔(DELL)游匣G15 15.6英寸游戏笔记本电脑(11代英特尔酷睿i7-11800H 16G 512G RTX3060 165Hz 100%sRGB)黑,http://item.jd.com/100012622295.html,上涨,降幅6%
2021-08-01,8499.0,京品电脑戴尔(DELL)游匣G15 15.6英寸游戏笔记本电脑(11代英特尔酷睿i7-11800H 16G 512G RTX3060 165Hz 100%sRGB)黑,http://item.jd.com/100012622295.html,上涨,降幅6%
2021-08-02,8499.0,京品电脑戴尔(DELL)游匣G15 15.6英寸游戏笔记本电脑(11代英特尔酷睿i7-11800H 16G 512G RTX3060 165Hz 100%sRGB)黑,http://item.jd.com/100012622295.html,上涨,降幅6%
2021-08-03,8499.0,京品电脑戴尔(DELL)游匣G15 15.6英寸游戏笔记本电脑(11代英特尔酷睿i7-11800H 16G 512G RTX3060 165Hz 100%sRGB)黑,http://item.jd.com/100012622295.html,上涨,降幅6%
2021-08-03,8499.0,京品电脑戴尔(DELL)游匣G15 15.6英寸游戏笔记本电脑(11代英特尔酷睿i7-11800H 16G 512G RTX3060 165Hz 100%sRGB)黑,http://item.jd.com/100012622295.html,上涨,降幅6%
2021-08-04,8499.0,京品电脑戴尔(DELL)游匣G15 15.6英寸游戏笔记本电脑(11代英特尔酷睿i7-11800H 16G 512G RTX3060 165Hz 100%sRGB)黑,http://item.jd.com/100012622295.html,上涨,降幅6%
2021-08-04,8499.0,京品电脑戴尔(DELL)游匣G15 15.6英寸游戏笔记本电脑(11代英特尔酷睿i7-11800H 16G 512G RTX3060 165Hz 100%sRGB)黑,http://item.jd.com/100012622295.html,上涨,降幅6%
2021-08-05,8499.0,京品电脑戴尔(DELL)游匣G15 15.6英寸游戏笔记本电脑(11代英特尔酷睿i7-11800H 16G 512G RTX3060 165Hz 100%sRGB)黑,http://item.jd.com/100012622295.html,上涨,降幅6%
2021-08-05,8499.0,京品电脑戴尔(DELL)游匣G15 15.6英寸游戏笔记本电脑(11代英特尔酷睿i7-11800H 16G 512G RTX3060 165Hz 100%sRGB)黑,http://item.jd.com/100012622295.html,上涨,降幅6%
2021-08-06,8499.0,京品电脑戴尔(DELL)游匣G15 15.6英寸游戏笔记本电脑(11代英特尔酷睿i7-11800H 16G 512G RTX3060 165Hz 100%sRGB)黑,http://item.jd.com/100012622295.html,上涨,降幅6%
2021-08-07,8499.0,京品电脑戴尔(DELL)游匣G15 15.6英寸游戏笔记本电脑(11代英特尔酷睿i7-11800H 16G 512G RTX3060 165Hz 100%sRGB)黑,http://item.jd.com/100012622295.html,上涨,降幅6%
2021-08-08,8499.0,京品电脑戴尔(DELL)游匣G15 15.6英寸游戏笔记本电脑(11代英特尔酷睿i7-11800H 16G 512G RTX3060 165Hz 100%sRGB)黑,http://item.jd.com/100012622295.html,上涨,降幅6%
2021-08-08,8499.0,京品电脑戴尔(DELL)游匣G15 15.6英寸游戏笔记本电脑(11代英特尔酷睿i7-11800H 16G 512G RTX3060 165Hz 100%sRGB)黑,http://item.jd.com/100012622295.html,上涨,降幅6%
2021-08-09,7999.0,京品电脑戴尔(DELL)游匣G15 15.6英寸游戏笔记本电脑(11代英特尔酷睿i7-11800H 16G 512G RTX3060 165Hz 100%sRGB)黑,http://item.jd.com/100012622295.html,上涨,降幅6%
2021-08-09,7999.0,京品电脑戴尔(DELL)游匣G15 15.6英寸游戏笔记本电脑(11代英特尔酷睿i7-11800H 16G 512G RTX3060 165Hz 100%sRGB)黑,http://item.jd.com/100012622295.html,上涨,降幅6%
2021-08-10,8499.0,京品电脑戴尔(DELL)游匣G15 15.6英寸游戏笔记本电脑(11代英特尔酷睿i7-11800H 16G 512G RTX3060 165Hz 100%sRGB)黑,http://item.jd.com/100012622295.html,上涨,降幅6%
2021-08-10,8499.0,京品电脑戴尔(DELL)游匣G15 15.6英寸游戏笔记本电脑(11代英特尔酷睿i7-11800H 16G 512G RTX3060 165Hz 100%sRGB)黑,http://item.jd.com/100012622295.html,上涨,降幅6%
2021-08-11,7999.0,京品电脑戴尔(DELL)游匣G15 15.6英寸游戏笔记本电脑(11代英特尔酷睿i7-11800H 16G 512G RTX3060 165Hz 100%sRGB)黑,http://item.jd.com/100012622295.html,上涨,降幅6%
2021-08-11,7999.0,京品电脑戴尔(DELL)游匣G15 15.6英寸游戏笔记本电脑(11代英特尔酷睿i7-11800H 16G 512G RTX3060 165Hz 100%sRGB)黑,http://item.jd.com/100012622295.html,上涨,降幅6%
2021-08-12,7999.0,京品电脑戴尔(DELL)游匣G15 15.6英寸游戏笔记本电脑(11代英特尔酷睿i7-11800H 16G 512G RTX3060 165Hz 100%sRGB)黑,http://item.jd.com/100012622295.html,上涨,降幅6%
2021-08-12,7999.0,京品电脑戴尔(DELL)游匣G15 15.6英寸游戏笔记本电脑(11代英特尔酷睿i7-11800H 16G 512G RTX3060 165Hz 100%sRGB)黑,http://item.jd.com/100012622295.html,上涨,降幅6%
2021-08-13,8999.0,京品电脑戴尔(DELL)游匣G15 15.6英寸游戏笔记本电脑(11代英特尔酷睿i7-11800H 16G 512G RTX3060 165Hz 100%sRGB)黑,http://item.jd.com/100012622295.html,上涨,降幅6%
2021-08-13,8999.0,京品电脑戴尔(DELL)游匣G15 15.6英寸游戏笔记本电脑(11代英特尔酷睿i7-11800H 16G 512G RTX3060 165Hz 100%sRGB)黑,http://item.jd.com/100012622295.html,上涨,降幅6%
2021-08-14,8999.0,京品电脑戴尔(DELL)游匣G15 15.6英寸游戏笔记本电脑(11代英特尔酷睿i7-11800H 16G 512G RTX3060 165Hz 100%sRGB)黑,http://item.jd.com/100012622295.html,上涨,降幅6%
2021-08-14,8999.0,京品电脑戴尔(DELL)游匣G15 15.6英寸游戏笔记本电脑(11代英特尔酷睿i7-11800H 16G 512G RTX3060 165Hz 100%sRGB)黑,http://item.jd.com/100012622295.html,上涨,降幅6%
2021-08-15,8999.0,京品电脑戴尔(DELL)游匣G15 15.6英寸游戏笔记本电脑(11代英特尔酷睿i7-11800H 16G 512G RTX3060 165Hz 100%sRGB)黑,http://item.jd.com/100012622295.html,上涨,降幅6%
2021-08-15,8999.0,京品电脑戴尔(DELL)游匣G15 15.6英寸游戏笔记本电脑(11代英特尔酷睿i7-11800H 16G 512G RTX3060 165Hz 100%sRGB)黑,http://item.jd.com/100012622295.html,上涨,降幅6%
2021-08-16,8999.0,京品电脑戴尔(DELL)游匣G15 15.6英寸游戏笔记本电脑(11代英特尔酷睿i7-11800H 16G 512G RTX3060 165Hz 100%sRGB)黑,http://item.jd.com/100012622295.html,上涨,降幅6%
2021-08-16,8999.0,京品电脑戴尔(DELL)游匣G15 15.6英寸游戏笔记本电脑(11代英特尔酷睿i7-11800H 16G 512G RTX3060 165Hz 100%sRGB)黑,http://item.jd.com/100012622295.html,上涨,降幅6%
2021-08-17,8999.0,京品电脑戴尔(DELL)游匣G15 15.6英寸游戏笔记本电脑(11代英特尔酷睿i7-11800H 16G 512G RTX3060 165Hz 100%sRGB)黑,http://item.jd.com/100012622295.html,上涨,降幅6%
2021-08-17,8999.0,京品电脑戴尔(DELL)游匣G15 15.6英寸游戏笔记本电脑(11代英特尔酷睿i7-11800H 16G 512G RTX3060 165Hz 100%sRGB)黑,http://item.jd.com/100012622295.html,上涨,降幅6%
2021-08-18,8999.0,京品电脑戴尔(DELL)游匣G15 15.6英寸游戏笔记本电脑(11代英特尔酷睿i7-11800H 16G 512G RTX3060 165Hz 100%sRGB)黑,http://item.jd.com/100012622295.html,上涨,降幅6%
2021-08-18,8999.0,京品电脑戴尔(DELL)游匣G15 15.6英寸游戏笔记本电脑(11代英特尔酷睿i7-11800H 16G 512G RTX3060 165Hz 100%sRGB)黑,http://item.jd.com/100012622295.html,上涨,降幅6%
2021-08-19,8999.0,京品电脑戴尔(DELL)游匣G15 15.6英寸游戏笔记本电脑(11代英特尔酷睿i7-11800H 16G 512G RTX3060 165Hz 100%sRGB)黑,http://item.jd.com/100012622295.html,上涨,降幅6%
2021-08-19,8999.0,京品电脑戴尔(DELL)游匣G15 15.6英寸游戏笔记本电脑(11代英特尔酷睿i7-11800H 16G 512G RTX3060 165Hz 100%sRGB)黑,http://item.jd.com/100012622295.html,上涨,降幅6%
2021-08-20,8999.0,京品电脑戴尔(DELL)游匣G15 15.6英寸游戏笔记本电脑(11代英特尔酷睿i7-11800H 16G 512G RTX3060 165Hz 100%sRGB)黑,http://item.jd.com/100012622295.html,上涨,降幅6%
2021-08-20,8999.0,京品电脑戴尔(DELL)游匣G15 15.6英寸游戏笔记本电脑(11代英特尔酷睿i7-11800H 16G 512G RTX3060 165Hz 100%sRGB)黑,http://item.jd.com/100012622295.html,上涨,降幅6%
2021-08-21,8999.0,京品电脑戴尔(DELL)游匣G15 15.6英寸游戏笔记本电脑(11代英特尔酷睿i7-11800H 16G 512G RTX3060 165Hz 100%sRGB)黑,http://item.jd.com/100012622295.html,上涨,降幅6%
2021-08-21,8999.0,京品电脑戴尔(DELL)游匣G15 15.6英寸游戏笔记本电脑(11代英特尔酷睿i7-11800H 16G 512G RTX3060 165Hz 100%sRGB)黑,http://item.jd.com/100012622295.html,上涨,降幅6%
2021-08-22,8999.0,京品电脑戴尔(DELL)游匣G15 15.6英寸游戏笔记本电脑(11代英特尔酷睿i7-11800H 16G 512G RTX3060 165Hz 100%sRGB)黑,http://item.jd.com/100012622295.html,上涨,降幅6%
2021-08-22,8999.0,京品电脑戴尔(DELL)游匣G15 15.6英寸游戏笔记本电脑(11代英特尔酷睿i7-11800H 16G 512G RTX3060 165Hz 100%sRGB)黑,http://item.jd.com/100012622295.html,上涨,降幅6%
2021-08-23,8999.0,京品电脑戴尔(DELL)游匣G15 15.6英寸游戏笔记本电脑(11代英特尔酷睿i7-11800H 16G 512G RTX3060 165Hz 100%sRGB)黑,http://item.jd.com/100012622295.html,上涨,降幅6%
2021-08-23,8999.0,京品电脑戴尔(DELL)游匣G15 15.6英寸游戏笔记本电脑(11代英特尔酷睿i7-11800H 16G 512G RTX3060 165Hz 100%sRGB)黑,http://item.jd.com/100012622295.html,上涨,降幅6%
2021-08-24,8999.0,京品电脑戴尔(DELL)游匣G15 15.6英寸游戏笔记本电脑(11代英特尔酷睿i7-11800H 16G 512G RTX3060 165Hz 100%sRGB)黑,http://item.jd.com/100012622295.html,上涨,降幅6%
2021-08-24,8999.0,京品电脑戴尔(DELL)游匣G15 15.6英寸游戏笔记本电脑(11代英特尔酷睿i7-11800H 16G 512G RTX3060 165Hz 100%sRGB)黑,http://item.jd.com/100012622295.html,上涨,降幅6%
2021-08-25,8999.0,京品电脑戴尔(DELL)游匣G15 15.6英寸游戏笔记本电脑(11代英特尔酷睿i7-11800H 16G 512G RTX3060 165Hz 100%sRGB)黑,http://item.jd.com/100012622295.html,上涨,降幅6%
2021-08-25,8999.0,京品电脑戴尔(DELL)游匣G15 15.6英寸游戏笔记本电脑(11代英特尔酷睿i7-11800H 16G 512G RTX3060 165Hz 100%sRGB)黑,http://item.jd.com/100012622295.html,上涨,降幅6%
2021-08-26,8999.0,京品电脑戴尔(DELL)游匣G15 15.6英寸游戏笔记本电脑(11代英特尔酷睿i7-11800H 16G 512G RTX3060 165Hz 100%sRGB)黑,http://item.jd.com/100012622295.html,上涨,降幅6%
2021-08-26,8999.0,京品电脑戴尔(DELL)游匣G15 15.6英寸游戏笔记本电脑(11代英特尔酷睿i7-11800H 16G 512G RTX3060 165Hz 100%sRGB)黑,http://item.jd.com/100012622295.html,上涨,降幅6%
2021-08-27,8999.0,京品电脑戴尔(DELL)游匣G15 15.6英寸游戏笔记本电脑(11代英特尔酷睿i7-11800H 16G 512G RTX3060 165Hz 100%sRGB)黑,http://item.jd.com/100012622295.html,上涨,降幅6%
2021-08-27,8999.0,京品电脑戴尔(DELL)游匣G15 15.6英寸游戏笔记本电脑(11代英特尔酷睿i7-11800H 16G 512G RTX3060 165Hz 100%sRGB)黑,http://item.jd.com/100012622295.html,上涨,降幅6%
2021-08-28,8999.0,京品电脑戴尔(DELL)游匣G15 15.6英寸游戏笔记本电脑(11代英特尔酷睿i7-11800H 16G 512G RTX3060 165Hz 100%sRGB)黑,http://item.jd.com/100012622295.html,上涨,降幅6%
2021-08-29,8999.0,京品电脑戴尔(DELL)游匣G15 15.6英寸游戏笔记本电脑(11代英特尔酷睿i7-11800H 16G 512G RTX3060 165Hz 100%sRGB)黑,http://item.jd.com/100012622295.html,上涨,降幅6%
2021-08-30,8499.0,京品电脑戴尔(DELL)游匣G15 15.6英寸游戏笔记本电脑(11代英特尔酷睿i7-11800H 16G 512G RTX3060 165Hz 100%sRGB)黑,http://item.jd.com/100012622295.html,上涨,降幅6%
2021-08-30,8499.0,京品电脑戴尔(DELL)游匣G15 15.6英寸游戏笔记本电脑(11代英特尔酷睿i7-11800H 16G 512G RTX3060 165Hz 100%sRGB)黑,http://item.jd.com/100012622295.html,上涨,降幅6%
2021-08-31,8499.0,京品电脑戴尔(DELL)游匣G15 15.6英寸游戏笔记本电脑(11代英特尔酷睿i7-11800H 16G 512G RTX3060 165Hz 100%sRGB)黑,http://item.jd.com/100012622295.html,上涨,降幅6%
2021-08-31,8499.0,京品电脑戴尔(DELL)游匣G15 15.6英寸游戏笔记本电脑(11代英特尔酷睿i7-11800H 16G 512G RTX3060 165Hz 100%sRGB)黑,http://item.jd.com/100012622295.html,上涨,降幅6%
2021-09-01,8499.0,京品电脑戴尔(DELL)游匣G15 15.6英寸游戏笔记本电脑(11代英特尔酷睿i7-11800H 16G 512G RTX3060 165Hz 100%sRGB)黑,http://item.jd.com/100012622295.html,上涨,降幅6%
2021-09-01,8499.0,京品电脑戴尔(DELL)游匣G15 15.6英寸游戏笔记本电脑(11代英特尔酷睿i7-11800H 16G 512G RTX3060 165Hz 100%sRGB)黑,http://item.jd.com/100012622295.html,上涨,降幅6%
2021-09-02,8499.0,京品电脑戴尔(DELL)游匣G15 15.6英寸游戏笔记本电脑(11代英特尔酷睿i7-11800H 16G 512G RTX3060 165Hz 100%sRGB)黑,http://item.jd.com/100012622295.html,上涨,降幅6%
2021-09-02,8499.0,京品电脑戴尔(DELL)游匣G15 15.6英寸游戏笔记本电脑(11代英特尔酷睿i7-11800H 16G 512G RTX3060 165Hz 100%sRGB)黑,http://item.jd.com/100012622295.html,上涨,降幅6%
2021-09-03,8988.0,京品电脑戴尔(DELL)游匣G15 15.6英寸游戏笔记本电脑(11代英特尔酷睿i7-11800H 16G 512G RTX3060 165Hz 100%sRGB)黑,http://item.jd.com/100012622295.html,上涨,降幅6%
2021-09-05,8988.0,京品电脑戴尔(DELL)游匣G15 15.6英寸游戏笔记本电脑(11代英特尔酷睿i7-11800H 16G 512G RTX3060 165Hz 100%sRGB)黑,http://item.jd.com/100012622295.html,上涨,降幅6%
2021-09-06,9199.0,京品电脑戴尔(DELL)游匣G15 15.6英寸游戏笔记本电脑(11代英特尔酷睿i7-11800H 16G 512G RTX3060 165Hz 100%sRGB)黑,http://item.jd.com/100012622295.html,上涨,降幅6%
2021-09-06,9199.0,京品电脑戴尔(DELL)游匣G15 15.6英寸游戏笔记本电脑(11代英特尔酷睿i7-11800H 16G 512G RTX3060 165Hz 100%sRGB)黑,http://item.jd.com/100012622295.html,上涨,降幅6%
2021-09-07,9199.0,京品电脑戴尔(DELL)游匣G15 15.6英寸游戏笔记本电脑(11代英特尔酷睿i7-11800H 16G 512G RTX3060 165Hz 100%sRGB)黑,http://item.jd.com/100012622295.html,上涨,降幅6%
2021-09-07,9199.0,京品电脑戴尔(DELL)游匣G15 15.6英寸游戏笔记本电脑(11代英特尔酷睿i7-11800H 16G 512G RTX3060 165Hz 100%sRGB)黑,http://item.jd.com/100012622295.html,上涨,降幅6%
2021-09-08,9299.0,京品电脑戴尔(DELL)游匣G15 15.6英寸游戏笔记本电脑(11代英特尔酷睿i7-11800H 16G 512G RTX3060 165Hz 100%sRGB)黑,http://item.jd.com/100012622295.html,上涨,降幅6%
2021-09-08,9299.0,京品电脑戴尔(DELL)游匣G15 15.6英寸游戏笔记本电脑(11代英特尔酷睿i7-11800H 16G 512G RTX3060 165Hz 100%sRGB)黑,http://item.jd.com/100012622295.html,上涨,降幅6%
2021-09-09,8999.0,京品电脑戴尔(DELL)游匣G15 15.6英寸游戏笔记本电脑(11代英特尔酷睿i7-11800H 16G 512G RTX3060 165Hz 100%sRGB)黑,http://item.jd.com/100012622295.html,上涨,降幅6%
2021-09-09,8999.0,京品电脑戴尔(DELL)游匣G15 15.6英寸游戏笔记本电脑(11代英特尔酷睿i7-11800H 16G 512G RTX3060 165Hz 100%sRGB)黑,http://item.jd.com/100012622295.html,上涨,降幅6%
2021-09-10,9299.0,京品电脑戴尔(DELL)游匣G15 15.6英寸游戏笔记本电脑(11代英特尔酷睿i7-11800H 16G 512G RTX3060 165Hz 100%sRGB)黑,http://item.jd.com/100012622295.html,上涨,降幅6%
2021-09-10,9299.0,京品电脑戴尔(DELL)游匣G15 15.6英寸游戏笔记本电脑(11代英特尔酷睿i7-11800H 16G 512G RTX3060 165Hz 100%sRGB)黑,http://item.jd.com/100012622295.html,上涨,降幅6%
2021-09-11,9199.0,京品电脑戴尔(DELL)游匣G15 15.6英寸游戏笔记本电脑(11代英特尔酷睿i7-11800H 16G 512G RTX3060 165Hz 100%sRGB)黑,http://item.jd.com/100012622295.html,上涨,降幅6%
2021-09-11,9199.0,京品电脑戴尔(DELL)游匣G15 15.6英寸游戏笔记本电脑(11代英特尔酷睿i7-11800H 16G 512G RTX3060 165Hz 100%sRGB)黑,http://item.jd.com/100012622295.html,上涨,降幅6%
2021-09-12,9299.0,京品电脑戴尔(DELL)游匣G15 15.6英寸游戏笔记本电脑(11代英特尔酷睿i7-11800H 16G 512G RTX3060 165Hz 100%sRGB)黑,http://item.jd.com/100012622295.html,上涨,降幅6%
2021-09-12,9299.0,京品电脑戴尔(DELL)游匣G15 15.6英寸游戏笔记本电脑(11代英特尔酷睿i7-11800H 16G 512G RTX3060 165Hz 100%sRGB)黑,http://item.jd.com/100012622295.html,上涨,降幅6%
2021-09-13,9199.0,京品电脑戴尔(DELL)游匣G15 15.6英寸游戏笔记本电脑(11代英特尔酷睿i7-11800H 16G 512G RTX3060 165Hz 100%sRGB)黑,http://item.jd.com/100012622295.html,上涨,降幅6%
2021-09-13,9199.0,京品电脑戴尔(DELL)游匣G15 15.6英寸游戏笔记本电脑(11代英特尔酷睿i7-11800H 16G 512G RTX3060 165Hz 100%sRGB)黑,http://item.jd.com/100012622295.html,上涨,降幅6%
2021-09-14,9299.0,京品电脑戴尔(DELL)游匣G15 15.6英寸游戏笔记本电脑(11代英特尔酷睿i7-11800H 16G 512G RTX3060 165Hz 100%sRGB)黑,http://item.jd.com/100012622295.html,上涨,降幅6%
2021-09-14,9299.0,京品电脑戴尔(DELL)游匣G15 15.6英寸游戏笔记本电脑(11代英特尔酷睿i7-11800H 16G 512G RTX3060 165Hz 100%sRGB)黑,http://item.jd.com/100012622295.html,上涨,降幅6%
2021-09-15,9199.0,京品电脑戴尔(DELL)游匣G15 15.6英寸游戏笔记本电脑(11代英特尔酷睿i7-11800H 16G 512G RTX3060 165Hz 100%sRGB)黑,http://item.jd.com/100012622295.html,上涨,降幅6%
2021-09-15,9199.0,京品电脑戴尔(DELL)游匣G15 15.6英寸游戏笔记本电脑(11代英特尔酷睿i7-11800H 16G 512G RTX3060 165Hz 100%sRGB)黑,http://item.jd.com/100012622295.html,上涨,降幅6%
2021-09-16,9299.0,京品电脑戴尔(DELL)游匣G15 15.6英寸游戏笔记本电脑(11代英特尔酷睿i7-11800H 16G 512G RTX3060 165Hz 100%sRGB)黑,http://item.jd.com/100012622295.html,上涨,降幅6%
2021-09-16,9299.0,京品电脑戴尔(DELL)游匣G15 15.6英寸游戏笔记本电脑(11代英特尔酷睿i7-11800H 16G 512G RTX3060 165Hz 100%sRGB)黑,http://item.jd.com/100012622295.html,上涨,降幅6%
2021-09-17,8969.0,京品电脑戴尔(DELL)游匣G15 15.6英寸游戏笔记本电脑(11代英特尔酷睿i7-11800H 16G 512G RTX3060 165Hz 100%sRGB)黑,http://item.jd.com/100012622295.html,上涨,降幅6%
2021-09-18,8969.0,京品电脑戴尔(DELL)游匣G15 15.6英寸游戏笔记本电脑(11代英特尔酷睿i7-11800H 16G 512G RTX3060 165Hz 100%sRGB)黑,http://item.jd.com/100012622295.html,上涨,降幅6%
2021-09-19,9199.0,京品电脑戴尔(DELL)游匣G15 15.6英寸游戏笔记本电脑(11代英特尔酷睿i7-11800H 16G 512G RTX3060 165Hz 100%sRGB)黑,http://item.jd.com/100012622295.html,上涨,降幅6%
2021-09-19,9199.0,京品电脑戴尔(DELL)游匣G15 15.6英寸游戏笔记本电脑(11代英特尔酷睿i7-11800H 16G 512G RTX3060 165Hz 100%sRGB)黑,http://item.jd.com/100012622295.html,上涨,降幅6%
2021-09-20,9299.0,京品电脑戴尔(DELL)游匣G15 15.6英寸游戏笔记本电脑(11代英特尔酷睿i7-11800H 16G 512G RTX3060 165Hz 100%sRGB)黑,http://item.jd.com/100012622295.html,上涨,降幅6%
2021-09-20,9299.0,京品电脑戴尔(DELL)游匣G15 15.6英寸游戏笔记本电脑(11代英特尔酷睿i7-11800H 16G 512G RTX3060 165Hz 100%sRGB)黑,http://item.jd.com/100012622295.html,上涨,降幅6%
2021-09-21,9199.0,京品电脑戴尔(DELL)游匣G15 15.6英寸游戏笔记本电脑(11代英特尔酷睿i7-11800H 16G 512G RTX3060 165Hz 100%sRGB)黑,http://item.jd.com/100012622295.html,上涨,降幅6%
2021-09-21,9199.0,京品电脑戴尔(DELL)游匣G15 15.6英寸游戏笔记本电脑(11代英特尔酷睿i7-11800H 16G 512G RTX3060 165Hz 100%sRGB)黑,http://item.jd.com/100012622295.html,上涨,降幅6%
2021-09-22,9299.0,京品电脑戴尔(DELL)游匣G15 15.6英寸游戏笔记本电脑(11代英特尔酷睿i7-11800H 16G 512G RTX3060 165Hz 100%sRGB)黑,http://item.jd.com/100012622295.html,上涨,降幅6%
2021-09-22,9299.0,京品电脑戴尔(DELL)游匣G15 15.6英寸游戏笔记本电脑(11代英特尔酷睿i7-11800H 16G 512G RTX3060 165Hz 100%sRGB)黑,http://item.jd.com/100012622295.html,上涨,降幅6%
2021-09-23,8499.0,京品电脑戴尔(DELL)游匣G15 15.6英寸游戏笔记本电脑(11代英特尔酷睿i7-11800H 16G 512G RTX3060 165Hz 100%sRGB)黑,http://item.jd.com/100012622295.html,上涨,降幅6%
2021-09-23,8499.0,京品电脑戴尔(DELL)游匣G15 15.6英寸游戏笔记本电脑(11代英特尔酷睿i7-11800H 16G 512G RTX3060 165Hz 100%sRGB)黑,http://item.jd.com/100012622295.html,上涨,降幅6%
2021-09-24,9299.0,京品电脑戴尔(DELL)游匣G15 15.6英寸游戏笔记本电脑(11代英特尔酷睿i7-11800H 16G 512G RTX3060 165Hz 100%sRGB)黑,http://item.jd.com/100012622295.html,上涨,降幅6%
2021-09-24,9299.0,京品电脑戴尔(DELL)游匣G15 15.6英寸游戏笔记本电脑(11代英特尔酷睿i7-11800H 16G 512G RTX3060 165Hz 100%sRGB)黑,http://item.jd.com/100012622295.html,上涨,降幅6%
2021-09-25,9199.0,京品电脑戴尔(DELL)游匣G15 15.6英寸游戏笔记本电脑(11代英特尔酷睿i7-11800H 16G 512G RTX3060 165Hz 100%sRGB)黑,http://item.jd.com/100012622295.html,上涨,降幅6%
2021-09-25,9199.0,京品电脑戴尔(DELL)游匣G15 15.6英寸游戏笔记本电脑(11代英特尔酷睿i7-11800H 16G 512G RTX3060 165Hz 100%sRGB)黑,http://item.jd.com/100012622295.html,上涨,降幅6%
2021-09-26,9299.0,京品电脑戴尔(DELL)游匣G15 15.6英寸游戏笔记本电脑(11代英特尔酷睿i7-11800H 16G 512G RTX3060 165Hz 100%sRGB)黑,http://item.jd.com/100012622295.html,上涨,降幅6%
2021-09-26,9299.0,京品电脑戴尔(DELL)游匣G15 15.6英寸游戏笔记本电脑(11代英特尔酷睿i7-11800H 16G 512G RTX3060 165Hz 100%sRGB)黑,http://item.jd.com/100012622295.html,上涨,降幅6%
2021-09-27,9199.0,京品电脑戴尔(DELL)游匣G15 15.6英寸游戏笔记本电脑(11代英特尔酷睿i7-11800H 16G 512G RTX3060 165Hz 100%sRGB)黑,http://item.jd.com/100012622295.html,上涨,降幅6%
2021-09-27,9199.0,京品电脑戴尔(DELL)游匣G15 15.6英寸游戏笔记本电脑(11代英特尔酷睿i7-11800H 16G 512G RTX3060 165Hz 100%sRGB)黑,http://item.jd.com/100012622295.html,上涨,降幅6%
2021-09-28,9299.0,京品电脑戴尔(DELL)游匣G15 15.6英寸游戏笔记本电脑(11代英特尔酷睿i7-11800H 16G 512G RTX3060 165Hz 100%sRGB)黑,http://item.jd.com/100012622295.html,上涨,降幅6%
2021-09-28,9299.0,京品电脑戴尔(DELL)游匣G15 15.6英寸游戏笔记本电脑(11代英特尔酷睿i7-11800H 16G 512G RTX3060 165Hz 100%sRGB)黑,http://item.jd.com/100012622295.html,上涨,降幅6%
2021-09-29,9299.0,京品电脑戴尔(DELL)游匣G15 15.6英寸游戏笔记本电脑(11代英特尔酷睿i7-11800H 16G 512G RTX3060 165Hz 100%sRGB)黑,http://item.jd.com/100012622295.html,上涨,降幅6%
2021-09-29,9299.0,京品电脑戴尔(DELL)游匣G15 15.6英寸游戏笔记本电脑(11代英特尔酷睿i7-11800H 16G 512G RTX3060 165Hz 100%sRGB)黑,http://item.jd.com/100012622295.html,上涨,降幅6%
2021-09-30,9299.0,京品电脑戴尔(DELL)游匣G15 15.6英寸游戏笔记本电脑(11代英特尔酷睿i7-11800H 16G 512G RTX3060 165Hz 100%sRGB)黑,http://item.jd.com/100012622295.html,上涨,降幅6%
2021-09-30,9299.0,京品电脑戴尔(DELL)游匣G15 15.6英寸游戏笔记本电脑(11代英特尔酷睿i7-11800H 16G 512G RTX3060 165Hz 100%sRGB)黑,http://item.jd.com/100012622295.html,上涨,降幅6%
2021-10-01,8499.0,京品电脑戴尔(DELL)游匣G15 15.6英寸游戏笔记本电脑(11代英特尔酷睿i7-11800H 16G 512G RTX3060 165Hz 100%sRGB)黑,http://item.jd.com/100012622295.html,上涨,降幅6%
2021-10-01,8499.0,京品电脑戴尔(DELL)游匣G15 15.6英寸游戏笔记本电脑(11代英特尔酷睿i7-11800H 16G 512G RTX3060 165Hz 100%sRGB)黑,http://item.jd.com/100012622295.html,上涨,降幅6%
2021-10-02,9299.0,京品电脑戴尔(DELL)游匣G15 15.6英寸游戏笔记本电脑(11代英特尔酷睿i7-11800H 16G 512G RTX3060 165Hz 100%sRGB)黑,http://item.jd.com/100012622295.html,上涨,降幅6%
2021-10-02,9299.0,京品电脑戴尔(DELL)游匣G15 15.6英寸游戏笔记本电脑(11代英特尔酷睿i7-11800H 16G 512G RTX3060 165Hz 100%sRGB)黑,http://item.jd.com/100012622295.html,上涨,降幅6%
2021-10-03,8499.0,京品电脑戴尔(DELL)游匣G15 15.6英寸游戏笔记本电脑(11代英特尔酷睿i7-11800H 16G 512G RTX3060 165Hz 100%sRGB)黑,http://item.jd.com/100012622295.html,上涨,降幅6%
2021-10-03,8499.0,京品电脑戴尔(DELL)游匣G15 15.6英寸游戏笔记本电脑(11代英特尔酷睿i7-11800H 16G 512G RTX3060 165Hz 100%sRGB)黑,http://item.jd.com/100012622295.html,上涨,降幅6%
2021-10-04,8499.0,京品电脑戴尔(DELL)游匣G15 15.6英寸游戏笔记本电脑(11代英特尔酷睿i7-11800H 16G 512G RTX3060 165Hz 100%sRGB)黑,http://item.jd.com/100012622295.html,上涨,降幅6%
2021-10-04,8499.0,京品电脑戴尔(DELL)游匣G15 15.6英寸游戏笔记本电脑(11代英特尔酷睿i7-11800H 16G 512G RTX3060 165Hz 100%sRGB)黑,http://item.jd.com/100012622295.html,上涨,降幅6%
2021-10-05,8499.0,京品电脑戴尔(DELL)游匣G15 15.6英寸游戏笔记本电脑(11代英特尔酷睿i7-11800H 16G 512G RTX3060 165Hz 100%sRGB)黑,http://item.jd.com/100012622295.html,上涨,降幅6%
2021-10-05,8499.0,京品电脑戴尔(DELL)游匣G15 15.6英寸游戏笔记本电脑(11代英特尔酷睿i7-11800H 16G 512G RTX3060 165Hz 100%sRGB)黑,http://item.jd.com/100012622295.html,上涨,降幅6%
2021-10-06,9299.0,京品电脑戴尔(DELL)游匣G15 15.6英寸游戏笔记本电脑(11代英特尔酷睿i7-11800H 16G 512G RTX3060 165Hz 100%sRGB)黑,http://item.jd.com/100012622295.html,上涨,降幅6%
2021-10-06,9299.0,京品电脑戴尔(DELL)游匣G15 15.6英寸游戏笔记本电脑(11代英特尔酷睿i7-11800H 16G 512G RTX3060 165Hz 100%sRGB)黑,http://item.jd.com/100012622295.html,上涨,降幅6%
2021-10-07,8999.0,京品电脑戴尔(DELL)游匣G15 15.6英寸游戏笔记本电脑(11代英特尔酷睿i7-11800H 16G 512G RTX3060 165Hz 100%sRGB)黑,http://item.jd.com/100012622295.html,上涨,降幅6%
2021-10-07,8999.0,京品电脑戴尔(DELL)游匣G15 15.6英寸游戏笔记本电脑(11代英特尔酷睿i7-11800H 16G 512G RTX3060 165Hz 100%sRGB)黑,http://item.jd.com/100012622295.html,上涨,降幅6%
2021-10-08,9299.0,京品电脑戴尔(DELL)游匣G15 15.6英寸游戏笔记本电脑(11代英特尔酷睿i7-11800H 16G 512G RTX3060 165Hz 100%sRGB)黑,http://item.jd.com/100012622295.html,上涨,降幅6%
2021-10-08,9299.0,京品电脑戴尔(DELL)游匣G15 15.6英寸游戏笔记本电脑(11代英特尔酷睿i7-11800H 16G 512G RTX3060 165Hz 100%sRGB)黑,http://item.jd.com/100012622295.html,上涨,降幅6%
2021-10-09,8999.0,京品电脑戴尔(DELL)游匣G15 15.6英寸游戏笔记本电脑(11代英特尔酷睿i7-11800H 16G 512G RTX3060 165Hz 100%sRGB)黑,http://item.jd.com/100012622295.html,上涨,降幅6%
2021-10-09,8999.0,京品电脑戴尔(DELL)游匣G15 15.6英寸游戏笔记本电脑(11代英特尔酷睿i7-11800H 16G 512G RTX3060 165Hz 100%sRGB)黑,http://item.jd.com/100012622295.html,上涨,降幅6%
2021-10-10,9299.0,京品电脑戴尔(DELL)游匣G15 15.6英寸游戏笔记本电脑(11代英特尔酷睿i7-11800H 16G 512G RTX3060 165Hz 100%sRGB)黑,http://item.jd.com/100012622295.html,上涨,降幅6%
2021-10-10,9299.0,京品电脑戴尔(DELL)游匣G15 15.6英寸游戏笔记本电脑(11代英特尔酷睿i7-11800H 16G 512G RTX3060 165Hz 100%sRGB)黑,http://item.jd.com/100012622295.html,上涨,降幅6%
2021-10-11,8999.0,京品电脑戴尔(DELL)游匣G15 15.6英寸游戏笔记本电脑(11代英特尔酷睿i7-11800H 16G 512G RTX3060 165Hz 100%sRGB)黑,http://item.jd.com/100012622295.html,上涨,降幅6%
2021-10-11,8999.0,京品电脑戴尔(DELL)游匣G15 15.6英寸游戏笔记本电脑(11代英特尔酷睿i7-11800H 16G 512G RTX3060 165Hz 100%sRGB)黑,http://item.jd.com/100012622295.html,上涨,降幅6%
2021-10-12,9299.0,京品电脑戴尔(DELL)游匣G15 15.6英寸游戏笔记本电脑(11代英特尔酷睿i7-11800H 16G 512G RTX3060 165Hz 100%sRGB)黑,http://item.jd.com/100012622295.html,上涨,降幅6%
2021-10-12,9299.0,京品电脑戴尔(DELL)游匣G15 15.6英寸游戏笔记本电脑(11代英特尔酷睿i7-11800H 16G 512G RTX3060 165Hz 100%sRGB)黑,http://item.jd.com/100012622295.html,上涨,降幅6%
2021-10-13,8499.0,京品电脑戴尔(DELL)游匣G15 15.6英寸游戏笔记本电脑(11代英特尔酷睿i7-11800H 16G 512G RTX3060 165Hz 100%sRGB)黑,http://item.jd.com/100012622295.html,上涨,降幅6%
2021-10-13,8499.0,京品电脑戴尔(DELL)游匣G15 15.6英寸游戏笔记本电脑(11代英特尔酷睿i7-11800H 16G 512G RTX3060 165Hz 100%sRGB)黑,http://item.jd.com/100012622295.html,上涨,降幅6%
2021-10-14,9299.0,京品电脑戴尔(DELL)游匣G15 15.6英寸游戏笔记本电脑(11代英特尔酷睿i7-11800H 16G 512G RTX3060 165Hz 100%sRGB)黑,http://item.jd.com/100012622295.html,上涨,降幅6%
2021-10-14,9299.0,京品电脑戴尔(DELL)游匣G15 15.6英寸游戏笔记本电脑(11代英特尔酷睿i7-11800H 16G 512G RTX3060 165Hz 100%sRGB)黑,http://item.jd.com/100012622295.html,上涨,降幅6%
2021-10-15,8499.0,京品电脑戴尔(DELL)游匣G15 15.6英寸游戏笔记本电脑(11代英特尔酷睿i7-11800H 16G 512G RTX3060 165Hz 100%sRGB)黑,http://item.jd.com/100012622295.html,上涨,降幅6%
2021-10-15,8499.0,京品电脑戴尔(DELL)游匣G15 15.6英寸游戏笔记本电脑(11代英特尔酷睿i7-11800H 16G 512G RTX3060 165Hz 100%sRGB)黑,http://item.jd.com/100012622295.html,上涨,降幅6%
2021-10-16,9299.0,京品电脑戴尔(DELL)游匣G15 15.6英寸游戏笔记本电脑(11代英特尔酷睿i7-11800H 16G 512G RTX3060 165Hz 100%sRGB)黑,http://item.jd.com/100012622295.html,上涨,降幅6%
2021-10-16,9299.0,京品电脑戴尔(DELL)游匣G15 15.6英寸游戏笔记本电脑(11代英特尔酷睿i7-11800H 16G 512G RTX3060 165Hz 100%sRGB)黑,http://item.jd.com/100012622295.html,上涨,降幅6%
2021-10-17,8499.0,京品电脑戴尔(DELL)游匣G15 15.6英寸游戏笔记本电脑(11代英特尔酷睿i7-11800H 16G 512G RTX3060 165Hz 100%sRGB)黑,http://item.jd.com/100012622295.html,上涨,降幅6%
2021-10-17,8499.0,京品电脑戴尔(DELL)游匣G15 15.6英寸游戏笔记本电脑(11代英特尔酷睿i7-11800H 16G 512G RTX3060 165Hz 100%sRGB)黑,http://item.jd.com/100012622295.html,上涨,降幅6%
2021-10-18,8999.0,京品电脑戴尔(DELL)游匣G15 15.6英寸游戏笔记本电脑(11代英特尔酷睿i7-11800H 16G 512G RTX3060 165Hz 100%sRGB)黑,http://item.jd.com/100012622295.html,上涨,降幅6%
2021-10-18,8999.0,京品电脑戴尔(DELL)游匣G15 15.6英寸游戏笔记本电脑(11代英特尔酷睿i7-11800H 16G 512G RTX3060 165Hz 100%sRGB)黑,http://item.jd.com/100012622295.html,上涨,降幅6%
2021-10-19,8499.0,京品电脑戴尔(DELL)游匣G15 15.6英寸游戏笔记本电脑(11代英特尔酷睿i7-11800H 16G 512G RTX3060 165Hz 100%sRGB)黑,http://item.jd.com/100012622295.html,上涨,降幅6%
2021-10-19,8499.0,京品电脑戴尔(DELL)游匣G15 15.6英寸游戏笔记本电脑(11代英特尔酷睿i7-11800H 16G 512G RTX3060 165Hz 100%sRGB)黑,http://item.jd.com/100012622295.html,上涨,降幅6%
2021-10-20,8999.0,京品电脑戴尔(DELL)游匣G15 15.6英寸游戏笔记本电脑(11代英特尔酷睿i7-11800H 16G 512G RTX3060 165Hz 100%sRGB)黑,http://item.jd.com/100012622295.html,上涨,降幅6%
2021-10-20,8999.0,京品电脑戴尔(DELL)游匣G15 15.6英寸游戏笔记本电脑(11代英特尔酷睿i7-11800H 16G 512G RTX3060 165Hz 100%sRGB)黑,http://item.jd.com/100012622295.html,上涨,降幅6%
2021-10-21,8499.0,京品电脑戴尔(DELL)游匣G15 15.6英寸游戏笔记本电脑(11代英特尔酷睿i7-11800H 16G 512G RTX3060 165Hz 100%sRGB)黑,http://item.jd.com/100012622295.html,上涨,降幅6%
2021-10-22,8499.0,京品电脑戴尔(DELL)游匣G15 15.6英寸游戏笔记本电脑(11代英特尔酷睿i7-11800H 16G 512G RTX3060 165Hz 100%sRGB)黑,http://item.jd.com/100012622295.html,上涨,降幅6%
2021-10-23,8499.0,京品电脑戴尔(DELL)游匣G15 15.6英寸游戏笔记本电脑(11代英特尔酷睿i7-11800H 16G 512G RTX3060 165Hz 100%sRGB)黑,http://item.jd.com/100012622295.html,上涨,降幅6%
2021-10-23,8499.0,京品电脑戴尔(DELL)游匣G15 15.6英寸游戏笔记本电脑(11代英特尔酷睿i7-11800H 16G 512G RTX3060 165Hz 100%sRGB)黑,http://item.jd.com/100012622295.html,上涨,降幅6%
2021-10-24,8499.0,京品电脑戴尔(DELL)游匣G15 15.6英寸游戏笔记本电脑(11代英特尔酷睿i7-11800H 16G 512G RTX3060 165Hz 100%sRGB)黑,http://item.jd.com/100012622295.html,上涨,降幅6%
2021-10-24,8499.0,京品电脑戴尔(DELL)游匣G15 15.6英寸游戏笔记本电脑(11代英特尔酷睿i7-11800H 16G 512G RTX3060 165Hz 100%sRGB)黑,http://item.jd.com/100012622295.html,上涨,降幅6%
2021-10-25,8499.0,京品电脑戴尔(DELL)游匣G15 15.6英寸游戏笔记本电脑(11代英特尔酷睿i7-11800H 16G 512G RTX3060 165Hz 100%sRGB)黑,http://item.jd.com/100012622295.html,上涨,降幅6%
2021-10-25,8499.0,京品电脑戴尔(DELL)游匣G15 15.6英寸游戏笔记本电脑(11代英特尔酷睿i7-11800H 16G 512G RTX3060 165Hz 100%sRGB)黑,http://item.jd.com/100012622295.html,上涨,降幅6%
2021-10-26,8999.0,京品电脑戴尔(DELL)游匣G15 15.6英寸游戏笔记本电脑(11代英特尔酷睿i7-11800H 16G 512G RTX3060 165Hz 100%sRGB)黑,http://item.jd.com/100012622295.html,上涨,降幅6%
2021-10-26,8999.0,京品电脑戴尔(DELL)游匣G15 15.6英寸游戏笔记本电脑(11代英特尔酷睿i7-11800H 16G 512G RTX3060 165Hz 100%sRGB)黑,http://item.jd.com/100012622295.html,上涨,降幅6%
2021-10-27,7999.0,京品电脑戴尔(DELL)游匣G15 15.6英寸游戏笔记本电脑(11代英特尔酷睿i7-11800H 16G 512G RTX3060 165Hz 100%sRGB)黑,http://item.jd.com/100012622295.html,上涨,降幅6%
2021-10-27,7999.0,京品电脑戴尔(DELL)游匣G15 15.6英寸游戏笔记本电脑(11代英特尔酷睿i7-11800H 16G 512G RTX3060 165Hz 100%sRGB)黑,http://item.jd.com/100012622295.html,上涨,降幅6%
2021-10-28,8999.0,京品电脑戴尔(DELL)游匣G15 15.6英寸游戏笔记本电脑(11代英特尔酷睿i7-11800H 16G 512G RTX3060 165Hz 100%sRGB)黑,http://item.jd.com/100012622295.html,上涨,降幅6%
2021-10-28,8999.0,京品电脑戴尔(DELL)游匣G15 15.6英寸游戏笔记本电脑(11代英特尔酷睿i7-11800H 16G 512G RTX3060 165Hz 100%sRGB)黑,http://item.jd.com/100012622295.html,上涨,降幅6%
2021-10-29,8999.0,京品电脑戴尔(DELL)游匣G15 15.6英寸游戏笔记本电脑(11代英特尔酷睿i7-11800H 16G 512G RTX3060 165Hz 100%sRGB)黑,http://item.jd.com/100012622295.html,上涨,降幅6%
2021-10-29,8999.0,京品电脑戴尔(DELL)游匣G15 15.6英寸游戏笔记本电脑(11代英特尔酷睿i7-11800H 16G 512G RTX3060 165Hz 100%sRGB)黑,http://item.jd.com/100012622295.html,上涨,降幅6%
2021-10-30,8999.0,京品电脑戴尔(DELL)游匣G15 15.6英寸游戏笔记本电脑(11代英特尔酷睿i7-11800H 16G 512G RTX3060 165Hz 100%sRGB)黑,http://item.jd.com/100012622295.html,上涨,降幅6%
2021-10-29,8999.0,京品电脑戴尔(DELL)游匣G15 15.6英寸游戏笔记本电脑(11代英特尔酷睿i7-11800H 16G 512G RTX3060 165Hz 100%sRGB)黑,http://item.jd.com/100012622295.html,上涨,降幅6%
2021-10-30,8999.0,京品电脑戴尔(DELL)游匣G15 15.6英寸游戏笔记本电脑(11代英特尔酷睿i7-11800H 16G 512G RTX3060 165Hz 100%sRGB)黑,http://item.jd.com/100012622295.html,上涨,降幅6%
2021-10-31,8999.0,京品电脑戴尔(DELL)游匣G15 15.6英寸游戏笔记本电脑(11代英特尔酷睿i7-11800H 16G 512G RTX3060 165Hz 100%sRGB)黑,http://item.jd.com/100012622295.html,上涨,降幅6%
2021-11-01,7999.0,京品电脑戴尔(DELL)游匣G15 15.6英寸游戏笔记本电脑(11代英特尔酷睿i7-11800H 16G 512G RTX3060 165Hz 100%sRGB)黑,http://item.jd.com/100012622295.html,上涨,降幅6%
2021-11-01,7999.0,京品电脑戴尔(DELL)游匣G15 15.6英寸游戏笔记本电脑(11代英特尔酷睿i7-11800H 16G 512G RTX3060 165Hz 100%sRGB)黑,http://item.jd.com/100012622295.html,上涨,降幅6%
2021-11-02,7999.0,京品电脑戴尔(DELL)游匣G15 15.6英寸游戏笔记本电脑(11代英特尔酷睿i7-11800H 16G 512G RTX3060 165Hz 100%sRGB)黑,http://item.jd.com/100012622295.html,上涨,降幅6%
2021-11-02,7999.0,京品电脑戴尔(DELL)游匣G15 15.6英寸游戏笔记本电脑(11代英特尔酷睿i7-11800H 16G 512G RTX3060 165Hz 100%sRGB)黑,http://item.jd.com/100012622295.html,上涨,降幅6%
2021-11-03,8499.0,京品电脑戴尔(DELL)游匣G15 15.6英寸游戏笔记本电脑(11代英特尔酷睿i7-11800H 16G 512G RTX3060 165Hz 100%sRGB)黑,http://item.jd.com/100012622295.html,上涨,降幅6%
2021-11-03,8499.0,京品电脑戴尔(DELL)游匣G15 15.6英寸游戏笔记本电脑(11代英特尔酷睿i7-11800H 16G 512G RTX3060 165Hz 100%sRGB)黑,http://item.jd.com/100012622295.html,上涨,降幅6%
2021-11-04,8999.0,京品电脑戴尔(DELL)游匣G15 15.6英寸游戏笔记本电脑(11代英特尔酷睿i7-11800H 16G 512G RTX3060 165Hz 100%sRGB)黑,http://item.jd.com/100012622295.html,上涨,降幅6%
2021-11-04,8999.0,京品电脑戴尔(DELL)游匣G15 15.6英寸游戏笔记本电脑(11代英特尔酷睿i7-11800H 16G 512G RTX3060 165Hz 100%sRGB)黑,http://item.jd.com/100012622295.html,上涨,降幅6%
2021-11-05,8499.0,京品电脑戴尔(DELL)游匣G15 15.6英寸游戏笔记本电脑(11代英特尔酷睿i7-11800H 16G 512G RTX3060 165Hz 100%sRGB)黑,http://item.jd.com/100012622295.html,上涨,降幅6%
2021-11-05,8499.0,京品电脑戴尔(DELL)游匣G15 15.6英寸游戏笔记本电脑(11代英特尔酷睿i7-11800H 16G 512G RTX3060 165Hz 100%sRGB)黑,http://item.jd.com/100012622295.html,上涨,降幅6%
2021-11-06,8999.0,京品电脑戴尔(DELL)游匣G15 15.6英寸游戏笔记本电脑(11代英特尔酷睿i7-11800H 16G 512G RTX3060 165Hz 100%sRGB)黑,http://item.jd.com/100012622295.html,上涨,降幅6%
2021-11-06,8999.0,京品电脑戴尔(DELL)游匣G15 15.6英寸游戏笔记本电脑(11代英特尔酷睿i7-11800H 16G 512G RTX3060 165Hz 100%sRGB)黑,http://item.jd.com/100012622295.html,上涨,降幅6%
2021-11-07,7999.0,京品电脑戴尔(DELL)游匣G15 15.6英寸游戏笔记本电脑(11代英特尔酷睿i7-11800H 16G 512G RTX3060 165Hz 100%sRGB)黑,http://item.jd.com/100012622295.html,上涨,降幅6%
2021-11-07,7999.0,京品电脑戴尔(DELL)游匣G15 15.6英寸游戏笔记本电脑(11代英特尔酷睿i7-11800H 16G 512G RTX3060 165Hz 100%sRGB)黑,http://item.jd.com/100012622295.html,上涨,降幅6%
2021-11-08,8999.0,京品电脑戴尔(DELL)游匣G15 15.6英寸游戏笔记本电脑(11代英特尔酷睿i7-11800H 16G 512G RTX3060 165Hz 100%sRGB)黑,http://item.jd.com/100012622295.html,上涨,降幅6%
2021-11-08,8999.0,京品电脑戴尔(DELL)游匣G15 15.6英寸游戏笔记本电脑(11代英特尔酷睿i7-11800H 16G 512G RTX3060 165Hz 100%sRGB)黑,http://item.jd.com/100012622295.html,上涨,降幅6%
2021-11-09,8999.0,京品电脑戴尔(DELL)游匣G15 15.6英寸游戏笔记本电脑(11代英特尔酷睿i7-11800H 16G 512G RTX3060 165Hz 100%sRGB)黑,http://item.jd.com/100012622295.html,上涨,降幅6%
2021-11-09,8999.0,京品电脑戴尔(DELL)游匣G15 15.6英寸游戏笔记本电脑(11代英特尔酷睿i7-11800H 16G 512G RTX3060 165Hz 100%sRGB)黑,http://item.jd.com/100012622295.html,上涨,降幅6%
2021-11-10,8999.0,京品电脑戴尔(DELL)游匣G15 15.6英寸游戏笔记本电脑(11代英特尔酷睿i7-11800H 16G 512G RTX3060 165Hz 100%sRGB)黑,http://item.jd.com/100012622295.html,上涨,降幅6%
2021-11-11,8999.0,京品电脑戴尔(DELL)游匣G15 15.6英寸游戏笔记本电脑(11代英特尔酷睿i7-11800H 16G 512G RTX3060 165Hz 100%sRGB)黑,http://item.jd.com/100012622295.html,上涨,降幅6%
2021-11-12,7999.0,京品电脑戴尔(DELL)游匣G15 15.6英寸游戏笔记本电脑(11代英特尔酷睿i7-11800H 16G 512G RTX3060 165Hz 100%sRGB)黑,http://item.jd.com/100012622295.html,上涨,降幅6%
2021-11-12,7999.0,京品电脑戴尔(DELL)游匣G15 15.6英寸游戏笔记本电脑(11代英特尔酷睿i7-11800H 16G 512G RTX3060 165Hz 100%sRGB)黑,http://item.jd.com/100012622295.html,上涨,降幅6%
2021-11-13,8499.0,京品电脑戴尔(DELL)游匣G15 15.6英寸游戏笔记本电脑(11代英特尔酷睿i7-11800H 16G 512G RTX3060 165Hz 100%sRGB)黑,http://item.jd.com/100012622295.html,上涨,降幅6%
2021-11-13,8499.0,京品电脑戴尔(DELL)游匣G15 15.6英寸游戏笔记本电脑(11代英特尔酷睿i7-11800H 16G 512G RTX3060 165Hz 100%sRGB)黑,http://item.jd.com/100012622295.html,上涨,降幅6%
2021-11-14,8999.0,京品电脑戴尔(DELL)游匣G15 15.6英寸游戏笔记本电脑(11代英特尔酷睿i7-11800H 16G 512G RTX3060 165Hz 100%sRGB)黑,http://item.jd.com/100012622295.html,上涨,降幅6%
2021-11-14,8999.0,京品电脑戴尔(DELL)游匣G15 15.6英寸游戏笔记本电脑(11代英特尔酷睿i7-11800H 16G 512G RTX3060 165Hz 100%sRGB)黑,http://item.jd.com/100012622295.html,上涨,降幅6%
2021-11-15,8499.0,京品电脑戴尔(DELL)游匣G15 15.6英寸游戏笔记本电脑(11代英特尔酷睿i7-11800H 16G 512G RTX3060 165Hz 100%sRGB)黑,http://item.jd.com/100012622295.html,上涨,降幅6%
2021-11-15,8499.0,京品电脑戴尔(DELL)游匣G15 15.6英寸游戏笔记本电脑(11代英特尔酷睿i7-11800H 16G 512G RTX3060 165Hz 100%sRGB)黑,http://item.jd.com/100012622295.html,上涨,降幅6%
2021-11-16,8999.0,京品电脑戴尔(DELL)游匣G15 15.6英寸游戏笔记本电脑(11代英特尔酷睿i7-11800H 16G 512G RTX3060 165Hz 100%sRGB)黑,http://item.jd.com/100012622295.html,上涨,降幅6%
2021-11-16,8999.0,京品电脑戴尔(DELL)游匣G15 15.6英寸游戏笔记本电脑(11代英特尔酷睿i7-11800H 16G 512G RTX3060 165Hz 100%sRGB)黑,http://item.jd.com/100012622295.html,上涨,降幅6%
2021-11-17,8499.0,京品电脑戴尔(DELL)游匣G15 15.6英寸游戏笔记本电脑(11代英特尔酷睿i7-11800H 16G 512G RTX3060 165Hz 100%sRGB)黑,http://item.jd.com/100012622295.html,上涨,降幅6%
2021-11-17,8499.0,京品电脑戴尔(DELL)游匣G15 15.6英寸游戏笔记本电脑(11代英特尔酷睿i7-11800H 16G 512G RTX3060 165Hz 100%sRGB)黑,http://item.jd.com/100012622295.html,上涨,降幅6%
2021-11-18,8999.0,京品电脑戴尔(DELL)游匣G15 15.6英寸游戏笔记本电脑(11代英特尔酷睿i7-11800H 16G 512G RTX3060 165Hz 100%sRGB)黑,http://item.jd.com/100012622295.html,上涨,降幅6%
2021-11-18,8999.0,京品电脑戴尔(DELL)游匣G15 15.6英寸游戏笔记本电脑(11代英特尔酷睿i7-11800H 16G 512G RTX3060 165Hz 100%sRGB)黑,http://item.jd.com/100012622295.html,上涨,降幅6%
2021-11-19,8988.0,京品电脑戴尔(DELL)游匣G15 15.6英寸游戏笔记本电脑(11代英特尔酷睿i7-11800H 16G 512G RTX3060 165Hz 100%sRGB)黑,http://item.jd.com/100012622295.html,上涨,降幅6%
2021-11-19,8988.0,京品电脑戴尔(DELL)游匣G15 15.6英寸游戏笔记本电脑(11代英特尔酷睿i7-11800H 16G 512G RTX3060 165Hz 100%sRGB)黑,http://item.jd.com/100012622295.html,上涨,降幅6%
2021-11-20,8999.0,京品电脑戴尔(DELL)游匣G15 15.6英寸游戏笔记本电脑(11代英特尔酷睿i7-11800H 16G 512G RTX3060 165Hz 100%sRGB)黑,http://item.jd.com/100012622295.html,上涨,降幅6%
2021-11-20,8999.0,京品电脑戴尔(DELL)游匣G15 15.6英寸游戏笔记本电脑(11代英特尔酷睿i7-11800H 16G 512G RTX3060 165Hz 100%sRGB)黑,http://item.jd.com/100012622295.html,上涨,降幅6%
2021-11-21,8499.0,京品电脑戴尔(DELL)游匣G15 15.6英寸游戏笔记本电脑(11代英特尔酷睿i7-11800H 16G 512G RTX3060 165Hz 100%sRGB)黑,http://item.jd.com/100012622295.html,上涨,降幅6%
2021-11-21,8499.0,京品电脑戴尔(DELL)游匣G15 15.6英寸游戏笔记本电脑(11代英特尔酷睿i7-11800H 16G 512G RTX3060 165Hz 100%sRGB)黑,http://item.jd.com/100012622295.html,上涨,降幅6%
2021-11-22,8999.0,京品电脑戴尔(DELL)游匣G15 15.6英寸游戏笔记本电脑(11代英特尔酷睿i7-11800H 16G 512G RTX3060 165Hz 100%sRGB)黑,http://item.jd.com/100012622295.html,上涨,降幅6%
2021-11-23,8999.0,京品电脑戴尔(DELL)游匣G15 15.6英寸游戏笔记本电脑(11代英特尔酷睿i7-11800H 16G 512G RTX3060 165Hz 100%sRGB)黑,http://item.jd.com/100012622295.html,上涨,降幅6%
2021-11-24,8999.0,京品电脑戴尔(DELL)游匣G15 15.6英寸游戏笔记本电脑(11代英特尔酷睿i7-11800H 16G 512G RTX3060 165Hz 100%sRGB)黑,http://item.jd.com/100012622295.html,上涨,降幅6%
2021-11-24,8999.0,京品电脑戴尔(DELL)游匣G15 15.6英寸游戏笔记本电脑(11代英特尔酷睿i7-11800H 16G 512G RTX3060 165Hz 100%sRGB)黑,http://item.jd.com/100012622295.html,上涨,降幅6%
2021-11-25,8499.0,京品电脑戴尔(DELL)游匣G15 15.6英寸游戏笔记本电脑(11代英特尔酷睿i7-11800H 16G 512G RTX3060 165Hz 100%sRGB)黑,http://item.jd.com/100012622295.html,上涨,降幅6%
2021-11-25,8499.0,京品电脑戴尔(DELL)游匣G15 15.6英寸游戏笔记本电脑(11代英特尔酷睿i7-11800H 16G 512G RTX3060 165Hz 100%sRGB)黑,http://item.jd.com/100012622295.html,上涨,降幅6%
2021-11-26,8999.0,京品电脑戴尔(DELL)游匣G15 15.6英寸游戏笔记本电脑(11代英特尔酷睿i7-11800H 16G 512G RTX3060 165Hz 100%sRGB)黑,http://item.jd.com/100012622295.html,上涨,降幅6%
2021-11-26,8999.0,京品电脑戴尔(DELL)游匣G15 15.6英寸游戏笔记本电脑(11代英特尔酷睿i7-11800H 16G 512G RTX3060 165Hz 100%sRGB)黑,http://item.jd.com/100012622295.html,上涨,降幅6%
2021-11-27,8499.0,京品电脑戴尔(DELL)游匣G15 15.6英寸游戏笔记本电脑(11代英特尔酷睿i7-11800H 16G 512G RTX3060 165Hz 100%sRGB)黑,http://item.jd.com/100012622295.html,上涨,降幅6%
2021-11-27,8499.0,京品电脑戴尔(DELL)游匣G15 15.6英寸游戏笔记本电脑(11代英特尔酷睿i7-11800H 16G 512G RTX3060 165Hz 100%sRGB)黑,http://item.jd.com/100012622295.html,上涨,降幅6%
2021-11-28,8999.0,京品电脑戴尔(DELL)游匣G15 15.6英寸游戏笔记本电脑(11代英特尔酷睿i7-11800H 16G 512G RTX3060 165Hz 100%sRGB)黑,http://item.jd.com/100012622295.html,上涨,降幅6%
2021-11-28,8999.0,京品电脑戴尔(DELL)游匣G15 15.6英寸游戏笔记本电脑(11代英特尔酷睿i7-11800H 16G 512G RTX3060 165Hz 100%sRGB)黑,http://item.jd.com/100012622295.html,上涨,降幅6%
2021-11-29,8499.0,京品电脑戴尔(DELL)游匣G15 15.6英寸游戏笔记本电脑(11代英特尔酷睿i7-11800H 16G 512G RTX3060 165Hz 100%sRGB)黑,http://item.jd.com/100012622295.html,上涨,降幅6%
2021-11-29,8499.0,京品电脑戴尔(DELL)游匣G15 15.6英寸游戏笔记本电脑(11代英特尔酷睿i7-11800H 16G 512G RTX3060 165Hz 100%sRGB)黑,http://item.jd.com/100012622295.html,上涨,降幅6%
2021-11-30,8999.0,京品电脑戴尔(DELL)游匣G15 15.6英寸游戏笔记本电脑(11代英特尔酷睿i7-11800H 16G 512G RTX3060 165Hz 100%sRGB)黑,http://item.jd.com/100012622295.html,上涨,降幅6%
2021-11-30,8999.0,京品电脑戴尔(DELL)游匣G15 15.6英寸游戏笔记本电脑(11代英特尔酷睿i7-11800H 16G 512G RTX3060 165Hz 100%sRGB)黑,http://item.jd.com/100012622295.html,上涨,降幅6%
2021-12-01,8499.0,京品电脑戴尔(DELL)游匣G15 15.6英寸游戏笔记本电脑(11代英特尔酷睿i7-11800H 16G 512G RTX3060 165Hz 100%sRGB)黑,http://item.jd.com/100012622295.html,上涨,降幅6%
2021-12-01,8499.0,京品电脑戴尔(DELL)游匣G15 15.6英寸游戏笔记本电脑(11代英特尔酷睿i7-11800H 16G 512G RTX3060 165Hz 100%sRGB)黑,http://item.jd.com/100012622295.html,上涨,降幅6%
2021-12-02,8499.0,京品电脑戴尔(DELL)游匣G15 15.6英寸游戏笔记本电脑(11代英特尔酷睿i7-11800H 16G 512G RTX3060 165Hz 100%sRGB)黑,http://item.jd.com/100012622295.html,上涨,降幅6%
2021-12-02,8499.0,京品电脑戴尔(DELL)游匣G15 15.6英寸游戏笔记本电脑(11代英特尔酷睿i7-11800H 16G 512G RTX3060 165Hz 100%sRGB)黑,http://item.jd.com/100012622295.html,上涨,降幅6%
2021-12-03,8999.0,京品电脑戴尔(DELL)游匣G15 15.6英寸游戏笔记本电脑(11代英特尔酷睿i7-11800H 16G 512G RTX3060 165Hz 100%sRGB)黑,http://item.jd.com/100012622295.html,上涨,降幅6%
2021-12-03,8999.0,京品电脑戴尔(DELL)游匣G15 15.6英寸游戏笔记本电脑(11代英特尔酷睿i7-11800H 16G 512G RTX3060 165Hz 100%sRGB)黑,http://item.jd.com/100012622295.html,上涨,降幅6%
2021-12-04,8499.0,京品电脑戴尔(DELL)游匣G15 15.6英寸游戏笔记本电脑(11代英特尔酷睿i7-11800H 16G 512G RTX3060 165Hz 100%sRGB)黑,http://item.jd.com/100012622295.html,上涨,降幅6%
2021-12-04,8499.0,京品电脑戴尔(DELL)游匣G15 15.6英寸游戏笔记本电脑(11代英特尔酷睿i7-11800H 16G 512G RTX3060 165Hz 100%sRGB)黑,http://item.jd.com/100012622295.html,上涨,降幅6%
2021-12-05,8999.0,京品电脑戴尔(DELL)游匣G15 15.6英寸游戏笔记本电脑(11代英特尔酷睿i7-11800H 16G 512G RTX3060 165Hz 100%sRGB)黑,http://item.jd.com/100012622295.html,上涨,降幅6%
2021-12-05,8999.0,京品电脑戴尔(DELL)游匣G15 15.6英寸游戏笔记本电脑(11代英特尔酷睿i7-11800H 16G 512G RTX3060 165Hz 100%sRGB)黑,http://item.jd.com/100012622295.html,上涨,降幅6%
2021-12-06,8499.0,京品电脑戴尔(DELL)游匣G15 15.6英寸游戏笔记本电脑(11代英特尔酷睿i7-11800H 16G 512G RTX3060 165Hz 100%sRGB)黑,http://item.jd.com/100012622295.html,上涨,降幅6%
2021-12-06,8499.0,京品电脑戴尔(DELL)游匣G15 15.6英寸游戏笔记本电脑(11代英特尔酷睿i7-11800H 16G 512G RTX3060 165Hz 100%sRGB)黑,http://item.jd.com/100012622295.html,上涨,降幅6%
2021-12-07,8999.0,京品电脑戴尔(DELL)游匣G15 15.6英寸游戏笔记本电脑(11代英特尔酷睿i7-11800H 16G 512G RTX3060 165Hz 100%sRGB)黑,http://item.jd.com/100012622295.html,上涨,降幅6%
2021-12-07,8999.0,京品电脑戴尔(DELL)游匣G15 15.6英寸游戏笔记本电脑(11代英特尔酷睿i7-11800H 16G 512G RTX3060 165Hz 100%sRGB)黑,http://item.jd.com/100012622295.html,上涨,降幅6%
2021-12-08,8499.0,京品电脑戴尔(DELL)游匣G15 15.6英寸游戏笔记本电脑(11代英特尔酷睿i7-11800H 16G 512G RTX3060 165Hz 100%sRGB)黑,http://item.jd.com/100012622295.html,上涨,降幅6%
2021-12-10,8499.0,京品电脑戴尔(DELL)游匣G15 15.6英寸游戏笔记本电脑(11代英特尔酷睿i7-11800H 16G 512G RTX3060 165Hz 100%sRGB)黑,http://item.jd.com/100012622295.html,上涨,降幅6%
2021-12-11,7999.0,京品电脑戴尔(DELL)游匣G15 15.6英寸游戏笔记本电脑(11代英特尔酷睿i7-11800H 16G 512G RTX3060 165Hz 100%sRGB)黑,http://item.jd.com/100012622295.html,上涨,降幅6%
2021-12-11,7999.0,京品电脑戴尔(DELL)游匣G15 15.6英寸游戏笔记本电脑(11代英特尔酷睿i7-11800H 16G 512G RTX3060 165Hz 100%sRGB)黑,http://item.jd.com/100012622295.html,上涨,降幅6%
2021-12-12,7999.0,京品电脑戴尔(DELL)游匣G15 15.6英寸游戏笔记本电脑(11代英特尔酷睿i7-11800H 16G 512G RTX3060 165Hz 100%sRGB)黑,http://item.jd.com/100012622295.html,上涨,降幅6%
2021-12-12,7999.0,京品电脑戴尔(DELL)游匣G15 15.6英寸游戏笔记本电脑(11代英特尔酷睿i7-11800H 16G 512G RTX3060 165Hz 100%sRGB)黑,http://item.jd.com/100012622295.html,上涨,降幅6%
2021-12-13,7999.0,京品电脑戴尔(DELL)游匣G15 15.6英寸游戏笔记本电脑(11代英特尔酷睿i7-11800H 16G 512G RTX3060 165Hz 100%sRGB)黑,http://item.jd.com/100012622295.html,上涨,降幅6%
2021-12-13,7999.0,京品电脑戴尔(DELL)游匣G15 15.6英寸游戏笔记本电脑(11代英特尔酷睿i7-11800H 16G 512G RTX3060 165Hz 100%sRGB)黑,http://item.jd.com/100012622295.html,上涨,降幅6%
2021-12-14,8499.0,京品电脑戴尔(DELL)游匣G15 15.6英寸游戏笔记本电脑(11代英特尔酷睿i7-11800H 16G 512G RTX3060 165Hz 100%sRGB)黑,http://item.jd.com/100012622295.html,上涨,降幅6%
2021-12-15,8499.0,京品电脑戴尔(DELL)游匣G15 15.6英寸游戏笔记本电脑(11代英特尔酷睿i7-11800H 16G 512G RTX3060 165Hz 100%sRGB)黑,http://item.jd.com/100012622295.html,上涨,降幅6%
2021-12-16,8499.0,京品电脑戴尔(DELL)游匣G15 15.6英寸游戏笔记本电脑(11代英特尔酷睿i7-11800H 16G 512G RTX3060 165Hz 100%sRGB)黑,http://item.jd.com/100012622295.html,上涨,降幅6%
2021-12-16,8499.0,京品电脑戴尔(DELL)游匣G15 15.6英寸游戏笔记本电脑(11代英特尔酷睿i7-11800H 16G 512G RTX3060 165Hz 100%sRGB)黑,http://item.jd.com/100012622295.html,上涨,降幅6%
2021-12-17,8999.0,京品电脑戴尔(DELL)游匣G15 15.6英寸游戏笔记本电脑(11代英特尔酷睿i7-11800H 16G 512G RTX3060 165Hz 100%sRGB)黑,http://item.jd.com/100012622295.html,上涨,降幅6%
2021-12-17,8999.0,京品电脑戴尔(DELL)游匣G15 15.6英寸游戏笔记本电脑(11代英特尔酷睿i7-11800H 16G 512G RTX3060 165Hz 100%sRGB)黑,http://item.jd.com/100012622295.html,上涨,降幅6%
2021-12-18,8499.0,京品电脑戴尔(DELL)游匣G15 15.6英寸游戏笔记本电脑(11代英特尔酷睿i7-11800H 16G 512G RTX3060 165Hz 100%sRGB)黑,http://item.jd.com/100012622295.html,上涨,降幅6%
2021-12-18,8499.0,京品电脑戴尔(DELL)游匣G15 15.6英寸游戏笔记本电脑(11代英特尔酷睿i7-11800H 16G 512G RTX3060 165Hz 100%sRGB)黑,http://item.jd.com/100012622295.html,上涨,降幅6%
2021-12-19,8999.0,京品电脑戴尔(DELL)游匣G15 15.6英寸游戏笔记本电脑(11代英特尔酷睿i7-11800H 16G 512G RTX3060 165Hz 100%sRGB)黑,http://item.jd.com/100012622295.html,上涨,降幅6%
2021-12-20,8999.0,京品电脑戴尔(DELL)游匣G15 15.6英寸游戏笔记本电脑(11代英特尔酷睿i7-11800H 16G 512G RTX3060 165Hz 100%sRGB)黑,http://item.jd.com/100012622295.html,上涨,降幅6%
2021-12-21,8999.0,京品电脑戴尔(DELL)游匣G15 15.6英寸游戏笔记本电脑(11代英特尔酷睿i7-11800H 16G 512G RTX3060 165Hz 100%sRGB)黑,http://item.jd.com/100012622295.html,上涨,降幅6%
2021-12-21,8999.0,京品电脑戴尔(DELL)游匣G15 15.6英寸游戏笔记本电脑(11代英特尔酷睿i7-11800H 16G 512G RTX3060 165Hz 100%sRGB)黑,http://item.jd.com/100012622295.html,上涨,降幅6%
2021-12-22,8499.0,京品电脑戴尔(DELL)游匣G15 15.6英寸游戏笔记本电脑(11代英特尔酷睿i7-11800H 16G 512G RTX3060 165Hz 100%sRGB)黑,http://item.jd.com/100012622295.html,上涨,降幅6%
2021-12-22,8499.0,京品电脑戴尔(DELL)游匣G15 15.6英寸游戏笔记本电脑(11代英特尔酷睿i7-11800H 16G 512G RTX3060 165Hz 100%sRGB)黑,http://item.jd.com/100012622295.html,上涨,降幅6%
2021-12-23,8999.0,京品电脑戴尔(DELL)游匣G15 15.6英寸游戏笔记本电脑(11代英特尔酷睿i7-11800H 16G 512G RTX3060 165Hz 100%sRGB)黑,http://item.jd.com/100012622295.html,上涨,降幅6%
2021-12-24,8999.0,京品电脑戴尔(DELL)游匣G15 15.6英寸游戏笔记本电脑(11代英特尔酷睿i7-11800H 16G 512G RTX3060 165Hz 100%sRGB)黑,http://item.jd.com/100012622295.html,上涨,降幅6%
2021-12-25,8999.0,京品电脑戴尔(DELL)游匣G15 15.6英寸游戏笔记本电脑(11代英特尔酷睿i7-11800H 16G 512G RTX3060 165Hz 100%sRGB)黑,http://item.jd.com/100012622295.html,上涨,降幅6%
2021-12-25,8999.0,京品电脑戴尔(DELL)游匣G15 15.6英寸游戏笔记本电脑(11代英特尔酷睿i7-11800H 16G 512G RTX3060 165Hz 100%sRGB)黑,http://item.jd.com/100012622295.html,上涨,降幅6%
2021-12-26,7999.0,京品电脑戴尔(DELL)游匣G15 15.6英寸游戏笔记本电脑(11代英特尔酷睿i7-11800H 16G 512G RTX3060 165Hz 100%sRGB)黑,http://item.jd.com/100012622295.html,上涨,降幅6%
2021-12-26,7999.0,京品电脑戴尔(DELL)游匣G15 15.6英寸游戏笔记本电脑(11代英特尔酷睿i7-11800H 16G 512G RTX3060 165Hz 100%sRGB)黑,http://item.jd.com/100012622295.html,上涨,降幅6%
2021-12-27,8999.0,京品电脑戴尔(DELL)游匣G15 15.6英寸游戏笔记本电脑(11代英特尔酷睿i7-11800H 16G 512G RTX3060 165Hz 100%sRGB)黑,http://item.jd.com/100012622295.html,上涨,降幅6%
2021-12-27,8999.0,京品电脑戴尔(DELL)游匣G15 15.6英寸游戏笔记本电脑(11代英特尔酷睿i7-11800H 16G 512G RTX3060 165Hz 100%sRGB)黑,http://item.jd.com/100012622295.html,上涨,降幅6%
2021-12-28,8999.0,京品电脑戴尔(DELL)游匣G15 15.6英寸游戏笔记本电脑(11代英特尔酷睿i7-11800H 16G 512G RTX3060 165Hz 100%sRGB)黑,http://item.jd.com/100012622295.html,上涨,降幅6%
2021-12-28,8999.0,京品电脑戴尔(DELL)游匣G15 15.6英寸游戏笔记本电脑(11代英特尔酷睿i7-11800H 16G 512G RTX3060 165Hz 100%sRGB)黑,http://item.jd.com/100012622295.html,上涨,降幅6%
2021-12-29,8999.0,京品电脑戴尔(DELL)游匣G15 15.6英寸游戏笔记本电脑(11代英特尔酷睿i7-11800H 16G 512G RTX3060 165Hz 100%sRGB)黑,http://item.jd.com/100012622295.html,上涨,降幅6%
2021-12-29,8999.0,京品电脑戴尔(DELL)游匣G15 15.6英寸游戏笔记本电脑(11代英特尔酷睿i7-11800H 16G 512G RTX3060 165Hz 100%sRGB)黑,http://item.jd.com/100012622295.html,上涨,降幅6%
2021-12-30,8999.0,京品电脑戴尔(DELL)游匣G15 15.6英寸游戏笔记本电脑(11代英特尔酷睿i7-11800H 16G 512G RTX3060 165Hz 100%sRGB)黑,http://item.jd.com/100012622295.html,上涨,降幅6%
2021-12-29,8999.0,京品电脑戴尔(DELL)游匣G15 15.6英寸游戏笔记本电脑(11代英特尔酷睿i7-11800H 16G 512G RTX3060 165Hz 100%sRGB)黑,http://item.jd.com/100012622295.html,上涨,降幅6%
2021-12-30,8999.0,京品电脑戴尔(DELL)游匣G15 15.6英寸游戏笔记本电脑(11代英特尔酷睿i7-11800H 16G 512G RTX3060 165Hz 100%sRGB)黑,http://item.jd.com/100012622295.html,上涨,降幅6%
2021-12-31,8999.0,京品电脑戴尔(DELL)游匣G15 15.6英寸游戏笔记本电脑(11代英特尔酷睿i7-11800H 16G 512G RTX3060 165Hz 100%sRGB)黑,http://item.jd.com/100012622295.html,上涨,降幅6%
2022-01-01,7999.0,京品电脑戴尔(DELL)游匣G15 15.6英寸游戏笔记本电脑(11代英特尔酷睿i7-11800H 16G 512G RTX3060 165Hz 100%sRGB)黑,http://item.jd.com/100012622295.html,上涨,降幅6%
2022-01-01,7999.0,京品电脑戴尔(DELL)游匣G15 15.6英寸游戏笔记本电脑(11代英特尔酷睿i7-11800H 16G 512G RTX3060 165Hz 100%sRGB)黑,http://item.jd.com/100012622295.html,上涨,降幅6%
2022-01-02,8699.0,京品电脑戴尔(DELL)游匣G15 15.6英寸游戏笔记本电脑(11代英特尔酷睿i7-11800H 16G 512G RTX3060 165Hz 100%sRGB)黑,http://item.jd.com/100012622295.html,上涨,降幅6%
2022-01-02,8699.0,京品电脑戴尔(DELL)游匣G15 15.6英寸游戏笔记本电脑(11代英特尔酷睿i7-11800H 16G 512G RTX3060 165Hz 100%sRGB)黑,http://item.jd.com/100012622295.html,上涨,降幅6%
2022-01-03,7999.0,京品电脑戴尔(DELL)游匣G15 15.6英寸游戏笔记本电脑(11代英特尔酷睿i7-11800H 16G 512G RTX3060 165Hz 100%sRGB)黑,http://item.jd.com/100012622295.html,上涨,降幅6%
2022-01-03,7999.0,京品电脑戴尔(DELL)游匣G15 15.6英寸游戏笔记本电脑(11代英特尔酷睿i7-11800H 16G 512G RTX3060 165Hz 100%sRGB)黑,http://item.jd.com/100012622295.html,上涨,降幅6%
2022-01-04,8699.0,京品电脑戴尔(DELL)游匣G15 15.6英寸游戏笔记本电脑(11代英特尔酷睿i7-11800H 16G 512G RTX3060 165Hz 100%sRGB)黑,http://item.jd.com/100012622295.html,上涨,降幅6%
2022-01-04,8699.0,京品电脑戴尔(DELL)游匣G15 15.6英寸游戏笔记本电脑(11代英特尔酷睿i7-11800H 16G 512G RTX3060 165Hz 100%sRGB)黑,http://item.jd.com/100012622295.html,上涨,降幅6%
2022-01-05,7999.0,京品电脑戴尔(DELL)游匣G15 15.6英寸游戏笔记本电脑(11代英特尔酷睿i7-11800H 16G 512G RTX3060 165Hz 100%sRGB)黑,http://item.jd.com/100012622295.html,上涨,降幅6%
2022-01-05,7999.0,京品电脑戴尔(DELL)游匣G15 15.6英寸游戏笔记本电脑(11代英特尔酷睿i7-11800H 16G 512G RTX3060 165Hz 100%sRGB)黑,http://item.jd.com/100012622295.html,上涨,降幅6%
2022-01-06,8699.0,京品电脑戴尔(DELL)游匣G15 15.6英寸游戏笔记本电脑(11代英特尔酷睿i7-11800H 16G 512G RTX3060 165Hz 100%sRGB)黑,http://item.jd.com/100012622295.html,上涨,降幅6%
2022-01-06,8699.0,京品电脑戴尔(DELL)游匣G15 15.6英寸游戏笔记本电脑(11代英特尔酷睿i7-11800H 16G 512G RTX3060 165Hz 100%sRGB)黑,http://item.jd.com/100012622295.html,上涨,降幅6%
2022-01-07,7999.0,京品电脑戴尔(DELL)游匣G15 15.6英寸游戏笔记本电脑(11代英特尔酷睿i7-11800H 16G 512G RTX3060 165Hz 100%sRGB)黑,http://item.jd.com/100012622295.html,上涨,降幅6%
2022-01-07,7999.0,京品电脑戴尔(DELL)游匣G15 15.6英寸游戏笔记本电脑(11代英特尔酷睿i7-11800H 16G 512G RTX3060 165Hz 100%sRGB)黑,http://item.jd.com/100012622295.html,上涨,降幅6%
2022-01-08,8699.0,京品电脑戴尔(DELL)游匣G15 15.6英寸游戏笔记本电脑(11代英特尔酷睿i7-11800H 16G 512G RTX3060 165Hz 100%sRGB)黑,http://item.jd.com/100012622295.html,上涨,降幅6%
2022-01-08,8699.0,京品电脑戴尔(DELL)游匣G15 15.6英寸游戏笔记本电脑(11代英特尔酷睿i7-11800H 16G 512G RTX3060 165Hz 100%sRGB)黑,http://item.jd.com/100012622295.html,上涨,降幅6%
2022-01-09,7999.0,京品电脑戴尔(DELL)游匣G15 15.6英寸游戏笔记本电脑(11代英特尔酷睿i7-11800H 16G 512G RTX3060 165Hz 100%sRGB)黑,http://item.jd.com/100012622295.html,上涨,降幅6%
2022-01-09,7999.0,京品电脑戴尔(DELL)游匣G15 15.6英寸游戏笔记本电脑(11代英特尔酷睿i7-11800H 16G 512G RTX3060 165Hz 100%sRGB)黑,http://item.jd.com/100012622295.html,上涨,降幅6%
2022-01-10,7999.0,京品电脑戴尔(DELL)游匣G15 15.6英寸游戏笔记本电脑(11代英特尔酷睿i7-11800H 16G 512G RTX3060 165Hz 100%sRGB)黑,http://item.jd.com/100012622295.html,上涨,降幅6%
2022-01-10,7999.0,京品电脑戴尔(DELL)游匣G15 15.6英寸游戏笔记本电脑(11代英特尔酷睿i7-11800H 16G 512G RTX3060 165Hz 100%sRGB)黑,http://item.jd.com/100012622295.html,上涨,降幅6%
2022-01-11,8699.0,京品电脑戴尔(DELL)游匣G15 15.6英寸游戏笔记本电脑(11代英特尔酷睿i7-11800H 16G 512G RTX3060 165Hz 100%sRGB)黑,http://item.jd.com/100012622295.html,上涨,降幅6%
2022-01-11,8699.0,京品电脑戴尔(DELL)游匣G15 15.6英寸游戏笔记本电脑(11代英特尔酷睿i7-11800H 16G 512G RTX3060 165Hz 100%sRGB)黑,http://item.jd.com/100012622295.html,上涨,降幅6%
2022-01-12,7999.0,京品电脑戴尔(DELL)游匣G15 15.6英寸游戏笔记本电脑(11代英特尔酷睿i7-11800H 16G 512G RTX3060 165Hz 100%sRGB)黑,http://item.jd.com/100012622295.html,上涨,降幅6%
2022-01-12,7999.0,京品电脑戴尔(DELL)游匣G15 15.6英寸游戏笔记本电脑(11代英特尔酷睿i7-11800H 16G 512G RTX3060 165Hz 100%sRGB)黑,http://item.jd.com/100012622295.html,上涨,降幅6%
2022-01-13,8699.0,京品电脑戴尔(DELL)游匣G15 15.6英寸游戏笔记本电脑(11代英特尔酷睿i7-11800H 16G 512G RTX3060 165Hz 100%sRGB)黑,http://item.jd.com/100012622295.html,上涨,降幅6%
2022-01-13,8699.0,京品电脑戴尔(DELL)游匣G15 15.6英寸游戏笔记本电脑(11代英特尔酷睿i7-11800H 16G 512G RTX3060 165Hz 100%sRGB)黑,http://item.jd.com/100012622295.html,上涨,降幅6%
2022-01-14,7999.0,京品电脑戴尔(DELL)游匣G15 15.6英寸游戏笔记本电脑(11代英特尔酷睿i7-11800H 16G 512G RTX3060 165Hz 100%sRGB)黑,http://item.jd.com/100012622295.html,上涨,降幅6%
2022-01-14,7999.0,京品电脑戴尔(DELL)游匣G15 15.6英寸游戏笔记本电脑(11代英特尔酷睿i7-11800H 16G 512G RTX3060 165Hz 100%sRGB)黑,http://item.jd.com/100012622295.html,上涨,降幅6%
2022-01-15,8699.0,京品电脑戴尔(DELL)游匣G15 15.6英寸游戏笔记本电脑(11代英特尔酷睿i7-11800H 16G 512G RTX3060 165Hz 100%sRGB)黑,http://item.jd.com/100012622295.html,上涨,降幅6%
2022-01-15,8699.0,京品电脑戴尔(DELL)游匣G15 15.6英寸游戏笔记本电脑(11代英特尔酷睿i7-11800H 16G 512G RTX3060 165Hz 100%sRGB)黑,http://item.jd.com/100012622295.html,上涨,降幅6%
2022-01-16,7999.0,京品电脑戴尔(DELL)游匣G15 15.6英寸游戏笔记本电脑(11代英特尔酷睿i7-11800H 16G 512G RTX3060 165Hz 100%sRGB)黑,http://item.jd.com/100012622295.html,上涨,降幅6%
2022-01-16,7999.0,京品电脑戴尔(DELL)游匣G15 15.6英寸游戏笔记本电脑(11代英特尔酷睿i7-11800H 16G 512G RTX3060 165Hz 100%sRGB)黑,http://item.jd.com/100012622295.html,上涨,降幅6%
2022-01-17,8699.0,京品电脑戴尔(DELL)游匣G15 15.6英寸游戏笔记本电脑(11代英特尔酷睿i7-11800H 16G 512G RTX3060 165Hz 100%sRGB)黑,http://item.jd.com/100012622295.html,上涨,降幅6%
2022-01-17,8699.0,京品电脑戴尔(DELL)游匣G15 15.6英寸游戏笔记本电脑(11代英特尔酷睿i7-11800H 16G 512G RTX3060 165Hz 100%sRGB)黑,http://item.jd.com/100012622295.html,上涨,降幅6%
2022-01-18,8699.0,京品电脑戴尔(DELL)游匣G15 15.6英寸游戏笔记本电脑(11代英特尔酷睿i7-11800H 16G 512G RTX3060 165Hz 100%sRGB)黑,http://item.jd.com/100012622295.html,上涨,降幅6%
2022-01-18,8699.0,京品电脑戴尔(DELL)游匣G15 15.6英寸游戏笔记本电脑(11代英特尔酷睿i7-11800H 16G 512G RTX3060 165Hz 100%sRGB)黑,http://item.jd.com/100012622295.html,上涨,降幅6%
2022-01-19,7969.0,京品电脑戴尔(DELL)游匣G15 15.6英寸游戏笔记本电脑(11代英特尔酷睿i7-11800H 16G 512G RTX3060 165Hz 100%sRGB)黑,http://item.jd.com/100012622295.html,上涨,降幅6%
2022-01-19,7969.0,京品电脑戴尔(DELL)游匣G15 15.6英寸游戏笔记本电脑(11代英特尔酷睿i7-11800H 16G 512G RTX3060 165Hz 100%sRGB)黑,http://item.jd.com/100012622295.html,上涨,降幅6%
2022-01-20,8699.0,京品电脑戴尔(DELL)游匣G15 15.6英寸游戏笔记本电脑(11代英特尔酷睿i7-11800H 16G 512G RTX3060 165Hz 100%sRGB)黑,http://item.jd.com/100012622295.html,上涨,降幅6%
2022-01-20,8699.0,京品电脑戴尔(DELL)游匣G15 15.6英寸游戏笔记本电脑(11代英特尔酷睿i7-11800H 16G 512G RTX3060 165Hz 100%sRGB)黑,http://item.jd.com/100012622295.html,上涨,降幅6%
2022-01-21,7999.0,京品电脑戴尔(DELL)游匣G15 15.6英寸游戏笔记本电脑(11代英特尔酷睿i7-11800H 16G 512G RTX3060 165Hz 100%sRGB)黑,http://item.jd.com/100012622295.html,上涨,降幅6%
2022-01-21,7999.0,京品电脑戴尔(DELL)游匣G15 15.6英寸游戏笔记本电脑(11代英特尔酷睿i7-11800H 16G 512G RTX3060 165Hz 100%sRGB)黑,http://item.jd.com/100012622295.html,上涨,降幅6%
2022-01-22,8699.0,京品电脑戴尔(DELL)游匣G15 15.6英寸游戏笔记本电脑(11代英特尔酷睿i7-11800H 16G 512G RTX3060 165Hz 100%sRGB)黑,http://item.jd.com/100012622295.html,上涨,降幅6%
2022-01-22,8699.0,京品电脑戴尔(DELL)游匣G15 15.6英寸游戏笔记本电脑(11代英特尔酷睿i7-11800H 16G 512G RTX3060 165Hz 100%sRGB)黑,http://item.jd.com/100012622295.html,上涨,降幅6%
2022-01-23,7999.0,京品电脑戴尔(DELL)游匣G15 15.6英寸游戏笔记本电脑(11代英特尔酷睿i7-11800H 16G 512G RTX3060 165Hz 100%sRGB)黑,http://item.jd.com/100012622295.html,上涨,降幅6%
2022-01-23,7999.0,京品电脑戴尔(DELL)游匣G15 15.6英寸游戏笔记本电脑(11代英特尔酷睿i7-11800H 16G 512G RTX3060 165Hz 100%sRGB)黑,http://item.jd.com/100012622295.html,上涨,降幅6%
2022-01-24,8699.0,京品电脑戴尔(DELL)游匣G15 15.6英寸游戏笔记本电脑(11代英特尔酷睿i7-11800H 16G 512G RTX3060 165Hz 100%sRGB)黑,http://item.jd.com/100012622295.html,上涨,降幅6%
2022-01-24,8699.0,京品电脑戴尔(DELL)游匣G15 15.6英寸游戏笔记本电脑(11代英特尔酷睿i7-11800H 16G 512G RTX3060 165Hz 100%sRGB)黑,http://item.jd.com/100012622295.html,上涨,降幅6%
2022-01-25,7999.0,京品电脑戴尔(DELL)游匣G15 15.6英寸游戏笔记本电脑(11代英特尔酷睿i7-11800H 16G 512G RTX3060 165Hz 100%sRGB)黑,http://item.jd.com/100012622295.html,上涨,降幅6%
2022-01-25,7999.0,京品电脑戴尔(DELL)游匣G15 15.6英寸游戏笔记本电脑(11代英特尔酷睿i7-11800H 16G 512G RTX3060 165Hz 100%sRGB)黑,http://item.jd.com/100012622295.html,上涨,降幅6%
2022-01-26,8699.0,京品电脑戴尔(DELL)游匣G15 15.6英寸游戏笔记本电脑(11代英特尔酷睿i7-11800H 16G 512G RTX3060 165Hz 100%sRGB)黑,http://item.jd.com/100012622295.html,上涨,降幅6%
2022-01-26,8699.0,京品电脑戴尔(DELL)游匣G15 15.6英寸游戏笔记本电脑(11代英特尔酷睿i7-11800H 16G 512G RTX3060 165Hz 100%sRGB)黑,http://item.jd.com/100012622295.html,上涨,降幅6%
2022-01-27,7999.0,京品电脑戴尔(DELL)游匣G15 15.6英寸游戏笔记本电脑(11代英特尔酷睿i7-11800H 16G 512G RTX3060 165Hz 100%sRGB)黑,http://item.jd.com/100012622295.html,上涨,降幅6%
2022-01-27,7999.0,京品电脑戴尔(DELL)游匣G15 15.6英寸游戏笔记本电脑(11代英特尔酷睿i7-11800H 16G 512G RTX3060 165Hz 100%sRGB)黑,http://item.jd.com/100012622295.html,上涨,降幅6%
2022-01-28,8699.0,京品电脑戴尔(DELL)游匣G15 15.6英寸游戏笔记本电脑(11代英特尔酷睿i7-11800H 16G 512G RTX3060 165Hz 100%sRGB)黑,http://item.jd.com/100012622295.html,上涨,降幅6%
2022-01-28,8699.0,京品电脑戴尔(DELL)游匣G15 15.6英寸游戏笔记本电脑(11代英特尔酷睿i7-11800H 16G 512G RTX3060 165Hz 100%sRGB)黑,http://item.jd.com/100012622295.html,上涨,降幅6%
2022-01-29,7999.0,京品电脑戴尔(DELL)游匣G15 15.6英寸游戏笔记本电脑(11代英特尔酷睿i7-11800H 16G 512G RTX3060 165Hz 100%sRGB)黑,http://item.jd.com/100012622295.html,上涨,降幅6%
2022-01-29,7999.0,京品电脑戴尔(DELL)游匣G15 15.6英寸游戏笔记本电脑(11代英特尔酷睿i7-11800H 16G 512G RTX3060 165Hz 100%sRGB)黑,http://item.jd.com/100012622295.html,上涨,降幅6%
2022-01-30,8699.0,京品电脑戴尔(DELL)游匣G15 15.6英寸游戏笔记本电脑(11代英特尔酷睿i7-11800H 16G 512G RTX3060 165Hz 100%sRGB)黑,http://item.jd.com/100012622295.html,上涨,降幅6%
2022-01-30,8699.0,京品电脑戴尔(DELL)游匣G15 15.6英寸游戏笔记本电脑(11代英特尔酷睿i7-11800H 16G 512G RTX3060 165Hz 100%sRGB)黑,http://item.jd.com/100012622295.html,上涨,降幅6%
2022-01-31,7799.0,京品电脑戴尔(DELL)游匣G15 15.6英寸游戏笔记本电脑(11代英特尔酷睿i7-11800H 16G 512G RTX3060 165Hz 100%sRGB)黑,http://item.jd.com/100012622295.html,上涨,降幅6%
2022-01-31,7799.0,京品电脑戴尔(DELL)游匣G15 15.6英寸游戏笔记本电脑(11代英特尔酷睿i7-11800H 16G 512G RTX3060 165Hz 100%sRGB)黑,http://item.jd.com/100012622295.html,上涨,降幅6%
2022-02-01,7799.0,京品电脑戴尔(DELL)游匣G15 15.6英寸游戏笔记本电脑(11代英特尔酷睿i7-11800H 16G 512G RTX3060 165Hz 100%sRGB)黑,http://item.jd.com/100012622295.html,上涨,降幅6%
2022-02-01,7799.0,京品电脑戴尔(DELL)游匣G15 15.6英寸游戏笔记本电脑(11代英特尔酷睿i7-11800H 16G 512G RTX3060 165Hz 100%sRGB)黑,http://item.jd.com/100012622295.html,上涨,降幅6%
2022-02-02,7799.0,京品电脑戴尔(DELL)游匣G15 15.6英寸游戏笔记本电脑(11代英特尔酷睿i7-11800H 16G 512G RTX3060 165Hz 100%sRGB)黑,http://item.jd.com/100012622295.html,上涨,降幅6%
2022-02-02,7799.0,京品电脑戴尔(DELL)游匣G15 15.6英寸游戏笔记本电脑(11代英特尔酷睿i7-11800H 16G 512G RTX3060 165Hz 100%sRGB)黑,http://item.jd.com/100012622295.html,上涨,降幅6%
2022-02-03,8299.0,京品电脑戴尔(DELL)游匣G15 15.6英寸游戏笔记本电脑(11代英特尔酷睿i7-11800H 16G 512G RTX3060 165Hz 100%sRGB)黑,http://item.jd.com/100012622295.html,上涨,降幅6%
2022-02-03,8299.0,京品电脑戴尔(DELL)游匣G15 15.6英寸游戏笔记本电脑(11代英特尔酷睿i7-11800H 16G 512G RTX3060 165Hz 100%sRGB)黑,http://item.jd.com/100012622295.html,上涨,降幅6%
2022-02-04,8299.0,京品电脑戴尔(DELL)游匣G15 15.6英寸游戏笔记本电脑(11代英特尔酷睿i7-11800H 16G 512G RTX3060 165Hz 100%sRGB)黑,http://item.jd.com/100012622295.html,上涨,降幅6%
2022-02-04,8299.0,京品电脑戴尔(DELL)游匣G15 15.6英寸游戏笔记本电脑(11代英特尔酷睿i7-11800H 16G 512G RTX3060 165Hz 100%sRGB)黑,http://item.jd.com/100012622295.html,上涨,降幅6%
2022-02-05,7799.0,京品电脑戴尔(DELL)游匣G15 15.6英寸游戏笔记本电脑(11代英特尔酷睿i7-11800H 16G 512G RTX3060 165Hz 100%sRGB)黑,http://item.jd.com/100012622295.html,上涨,降幅6%
2022-02-05,7799.0,京品电脑戴尔(DELL)游匣G15 15.6英寸游戏笔记本电脑(11代英特尔酷睿i7-11800H 16G 512G RTX3060 165Hz 100%sRGB)黑,http://item.jd.com/100012622295.html,上涨,降幅6%
2022-02-06,7799.0,京品电脑戴尔(DELL)游匣G15 15.6英寸游戏笔记本电脑(11代英特尔酷睿i7-11800H 16G 512G RTX3060 165Hz 100%sRGB)黑,http://item.jd.com/100012622295.html,上涨,降幅6%
2022-02-06,7799.0,京品电脑戴尔(DELL)游匣G15 15.6英寸游戏笔记本电脑(11代英特尔酷睿i7-11800H 16G 512G RTX3060 165Hz 100%sRGB)黑,http://item.jd.com/100012622295.html,上涨,降幅6%
2022-02-07,7799.0,京品电脑戴尔(DELL)游匣G15 15.6英寸游戏笔记本电脑(11代英特尔酷睿i7-11800H 16G 512G RTX3060 165Hz 100%sRGB)黑,http://item.jd.com/100012622295.html,上涨,降幅6%
2022-02-07,7799.0,京品电脑戴尔(DELL)游匣G15 15.6英寸游戏笔记本电脑(11代英特尔酷睿i7-11800H 16G 512G RTX3060 165Hz 100%sRGB)黑,http://item.jd.com/100012622295.html,上涨,降幅6%
2022-02-08,8299.0,京品电脑戴尔(DELL)游匣G15 15.6英寸游戏笔记本电脑(11代英特尔酷睿i7-11800H 16G 512G RTX3060 165Hz 100%sRGB)黑,http://item.jd.com/100012622295.html,上涨,降幅6%
2022-02-08,8299.0,京品电脑戴尔(DELL)游匣G15 15.6英寸游戏笔记本电脑(11代英特尔酷睿i7-11800H 16G 512G RTX3060 165Hz 100%sRGB)黑,http://item.jd.com/100012622295.html,上涨,降幅6%
2022-02-09,7799.0,京品电脑戴尔(DELL)游匣G15 15.6英寸游戏笔记本电脑(11代英特尔酷睿i7-11800H 16G 512G RTX3060 165Hz 100%sRGB)黑,http://item.jd.com/100012622295.html,上涨,降幅6%
2022-02-10,7799.0,京品电脑戴尔(DELL)游匣G15 15.6英寸游戏笔记本电脑(11代英特尔酷睿i7-11800H 16G 512G RTX3060 165Hz 100%sRGB)黑,http://item.jd.com/100012622295.html,上涨,降幅6%
2022-02-11,7799.0,京品电脑戴尔(DELL)游匣G15 15.6英寸游戏笔记本电脑(11代英特尔酷睿i7-11800H 16G 512G RTX3060 165Hz 100%sRGB)黑,http://item.jd.com/100012622295.html,上涨,降幅6%
2022-02-11,7799.0,京品电脑戴尔(DELL)游匣G15 15.6英寸游戏笔记本电脑(11代英特尔酷睿i7-11800H 16G 512G RTX3060 165Hz 100%sRGB)黑,http://item.jd.com/100012622295.html,上涨,降幅6%
2022-02-12,8299.0,京品电脑戴尔(DELL)游匣G15 15.6英寸游戏笔记本电脑(11代英特尔酷睿i7-11800H 16G 512G RTX3060 165Hz 100%sRGB)黑,http://item.jd.com/100012622295.html,上涨,降幅6%
2022-02-12,8299.0,京品电脑戴尔(DELL)游匣G15 15.6英寸游戏笔记本电脑(11代英特尔酷睿i7-11800H 16G 512G RTX3060 165Hz 100%sRGB)黑,http://item.jd.com/100012622295.html,上涨,降幅6%
2022-02-13,7799.0,京品电脑戴尔(DELL)游匣G15 15.6英寸游戏笔记本电脑(11代英特尔酷睿i7-11800H 16G 512G RTX3060 165Hz 100%sRGB)黑,http://item.jd.com/100012622295.html,上涨,降幅6%
2022-02-13,7799.0,京品电脑戴尔(DELL)游匣G15 15.6英寸游戏笔记本电脑(11代英特尔酷睿i7-11800H 16G 512G RTX3060 165Hz 100%sRGB)黑,http://item.jd.com/100012622295.html,上涨,降幅6%
2022-02-14,8299.0,京品电脑戴尔(DELL)游匣G15 15.6英寸游戏笔记本电脑(11代英特尔酷睿i7-11800H 16G 512G RTX3060 165Hz 100%sRGB)黑,http://item.jd.com/100012622295.html,上涨,降幅6%
2022-02-14,8299.0,京品电脑戴尔(DELL)游匣G15 15.6英寸游戏笔记本电脑(11代英特尔酷睿i7-11800H 16G 512G RTX3060 165Hz 100%sRGB)黑,http://item.jd.com/100012622295.html,上涨,降幅6%
2022-02-15,7799.0,京品电脑戴尔(DELL)游匣G15 15.6英寸游戏笔记本电脑(11代英特尔酷睿i7-11800H 16G 512G RTX3060 165Hz 100%sRGB)黑,http://item.jd.com/100012622295.html,上涨,降幅6%
2022-02-15,7799.0,京品电脑戴尔(DELL)游匣G15 15.6英寸游戏笔记本电脑(11代英特尔酷睿i7-11800H 16G 512G RTX3060 165Hz 100%sRGB)黑,http://item.jd.com/100012622295.html,上涨,降幅6%
2022-02-16,8299.0,京品电脑戴尔(DELL)游匣G15 15.6英寸游戏笔记本电脑(11代英特尔酷睿i7-11800H 16G 512G RTX3060 165Hz 100%sRGB)黑,http://item.jd.com/100012622295.html,上涨,降幅6%
2022-02-17,8299.0,京品电脑戴尔(DELL)游匣G15 15.6英寸游戏笔记本电脑(11代英特尔酷睿i7-11800H 16G 512G RTX3060 165Hz 100%sRGB)黑,http://item.jd.com/100012622295.html,上涨,降幅6%
2022-02-18,7799.0,京品电脑戴尔(DELL)游匣G15 15.6英寸游戏笔记本电脑(11代英特尔酷睿i7-11800H 16G 512G RTX3060 165Hz 100%sRGB)黑,http://item.jd.com/100012622295.html,上涨,降幅6%
2022-02-18,7799.0,京品电脑戴尔(DELL)游匣G15 15.6英寸游戏笔记本电脑(11代英特尔酷睿i7-11800H 16G 512G RTX3060 165Hz 100%sRGB)黑,http://item.jd.com/100012622295.html,上涨,降幅6%
2022-02-19,8299.0,京品电脑戴尔(DELL)游匣G15 15.6英寸游戏笔记本电脑(11代英特尔酷睿i7-11800H 16G 512G RTX3060 165Hz 100%sRGB)黑,http://item.jd.com/100012622295.html,上涨,降幅6%
2022-02-19,8299.0,京品电脑戴尔(DELL)游匣G15 15.6英寸游戏笔记本电脑(11代英特尔酷睿i7-11800H 16G 512G RTX3060 165Hz 100%sRGB)黑,http://item.jd.com/100012622295.html,上涨,降幅6%
2022-02-20,8299.0,京品电脑戴尔(DELL)游匣G15 15.6英寸游戏笔记本电脑(11代英特尔酷睿i7-11800H 16G 512G RTX3060 165Hz 100%sRGB)黑,http://item.jd.com/100012622295.html,上涨,降幅6%
2022-02-20,8299.0,京品电脑戴尔(DELL)游匣G15 15.6英寸游戏笔记本电脑(11代英特尔酷睿i7-11800H 16G 512G RTX3060 165Hz 100%sRGB)黑,http://item.jd.com/100012622295.html,上涨,降幅6%
2022-02-21,7799.0,京品电脑戴尔(DELL)游匣G15 15.6英寸游戏笔记本电脑(11代英特尔酷睿i7-11800H 16G 512G RTX3060 165Hz 100%sRGB)黑,http://item.jd.com/100012622295.html,上涨,降幅6%
2022-02-21,7799.0,京品电脑戴尔(DELL)游匣G15 15.6英寸游戏笔记本电脑(11代英特尔酷睿i7-11800H 16G 512G RTX3060 165Hz 100%sRGB)黑,http://item.jd.com/100012622295.html,上涨,降幅6%
2022-02-22,8299.0,京品电脑戴尔(DELL)游匣G15 15.6英寸游戏笔记本电脑(11代英特尔酷睿i7-11800H 16G 512G RTX3060 165Hz 100%sRGB)黑,http://item.jd.com/100012622295.html,上涨,降幅6%
2022-02-22,8299.0,京品电脑戴尔(DELL)游匣G15 15.6英寸游戏笔记本电脑(11代英特尔酷睿i7-11800H 16G 512G RTX3060 165Hz 100%sRGB)黑,http://item.jd.com/100012622295.html,上涨,降幅6%
2022-02-23,7799.0,京品电脑戴尔(DELL)游匣G15 15.6英寸游戏笔记本电脑(11代英特尔酷睿i7-11800H 16G 512G RTX3060 165Hz 100%sRGB)黑,http://item.jd.com/100012622295.html,上涨,降幅6%
2022-02-23,7799.0,京品电脑戴尔(DELL)游匣G15 15.6英寸游戏笔记本电脑(11代英特尔酷睿i7-11800H 16G 512G RTX3060 165Hz 100%sRGB)黑,http://item.jd.com/100012622295.html,上涨,降幅6%
2022-02-24,8299.0,京品电脑戴尔(DELL)游匣G15 15.6英寸游戏笔记本电脑(11代英特尔酷睿i7-11800H 16G 512G RTX3060 165Hz 100%sRGB)黑,http://item.jd.com/100012622295.html,上涨,降幅6%
2022-02-24,8299.0,京品电脑戴尔(DELL)游匣G15 15.6英寸游戏笔记本电脑(11代英特尔酷睿i7-11800H 16G 512G RTX3060 165Hz 100%sRGB)黑,http://item.jd.com/100012622295.html,上涨,降幅6%
2022-02-25,7799.0,京品电脑戴尔(DELL)游匣G15 15.6英寸游戏笔记本电脑(11代英特尔酷睿i7-11800H 16G 512G RTX3060 165Hz 100%sRGB)黑,http://item.jd.com/100012622295.html,上涨,降幅6%
2022-02-26,7799.0,京品电脑戴尔(DELL)游匣G15 15.6英寸游戏笔记本电脑(11代英特尔酷睿i7-11800H 16G 512G RTX3060 165Hz 100%sRGB)黑,http://item.jd.com/100012622295.html,上涨,降幅6%
2022-02-27,7799.0,京品电脑戴尔(DELL)游匣G15 15.6英寸游戏笔记本电脑(11代英特尔酷睿i7-11800H 16G 512G RTX3060 165Hz 100%sRGB)黑,http://item.jd.com/100012622295.html,上涨,降幅6%
2022-02-27,7799.0,京品电脑戴尔(DELL)游匣G15 15.6英寸游戏笔记本电脑(11代英特尔酷睿i7-11800H 16G 512G RTX3060 165Hz 100%sRGB)黑,http://item.jd.com/100012622295.html,上涨,降幅6%
2022-02-28,7799.0,京品电脑戴尔(DELL)游匣G15 15.6英寸游戏笔记本电脑(11代英特尔酷睿i7-11800H 16G 512G RTX3060 165Hz 100%sRGB)黑,http://item.jd.com/100012622295.html,上涨,降幅6%
2022-02-28,7799.0,京品电脑戴尔(DELL)游匣G15 15.6英寸游戏笔记本电脑(11代英特尔酷睿i7-11800H 16G 512G RTX3060 165Hz 100%sRGB)黑,http://item.jd.com/100012622295.html,上涨,降幅6%
2022-03-01,7799.0,京品电脑戴尔(DELL)游匣G15 15.6英寸游戏笔记本电脑(11代英特尔酷睿i7-11800H 16G 512G RTX3060 165Hz 100%sRGB)黑,http://item.jd.com/100012622295.html,上涨,降幅6%
2022-03-02,7799.0,京品电脑戴尔(DELL)游匣G15 15.6英寸游戏笔记本电脑(11代英特尔酷睿i7-11800H 16G 512G RTX3060 165Hz 100%sRGB)黑,http://item.jd.com/100012622295.html,上涨,降幅6%
2022-03-03,7769.0,京品电脑戴尔(DELL)游匣G15 15.6英寸游戏笔记本电脑(11代英特尔酷睿i7-11800H 16G 512G RTX3060 165Hz 100%sRGB)黑,http://item.jd.com/100012622295.html,上涨,降幅6%
2022-03-03,7769.0,京品电脑戴尔(DELL)游匣G15 15.6英寸游戏笔记本电脑(11代英特尔酷睿i7-11800H 16G 512G RTX3060 165Hz 100%sRGB)黑,http://item.jd.com/100012622295.html,上涨,降幅6%
2022-03-04,8299.0,京品电脑戴尔(DELL)游匣G15 15.6英寸游戏笔记本电脑(11代英特尔酷睿i7-11800H 16G 512G RTX3060 165Hz 100%sRGB)黑,http://item.jd.com/100012622295.html,上涨,降幅6%
2022-03-04,8299.0,京品电脑戴尔(DELL)游匣G15 15.6英寸游戏笔记本电脑(11代英特尔酷睿i7-11800H 16G 512G RTX3060 165Hz 100%sRGB)黑,http://item.jd.com/100012622295.html,上涨,降幅6%
2022-03-05,7799.0,京品电脑戴尔(DELL)游匣G15 15.6英寸游戏笔记本电脑(11代英特尔酷睿i7-11800H 16G 512G RTX3060 165Hz 100%sRGB)黑,http://item.jd.com/100012622295.html,上涨,降幅6%
2022-03-05,7799.0,京品电脑戴尔(DELL)游匣G15 15.6英寸游戏笔记本电脑(11代英特尔酷睿i7-11800H 16G 512G RTX3060 165Hz 100%sRGB)黑,http://item.jd.com/100012622295.html,上涨,降幅6%
2022-03-06,8299.0,京品电脑戴尔(DELL)游匣G15 15.6英寸游戏笔记本电脑(11代英特尔酷睿i7-11800H 16G 512G RTX3060 165Hz 100%sRGB)黑,http://item.jd.com/100012622295.html,上涨,降幅6%
2022-03-06,8299.0,京品电脑戴尔(DELL)游匣G15 15.6英寸游戏笔记本电脑(11代英特尔酷睿i7-11800H 16G 512G RTX3060 165Hz 100%sRGB)黑,http://item.jd.com/100012622295.html,上涨,降幅6%
2022-03-07,8299.0,京品电脑戴尔(DELL)游匣G15 15.6英寸游戏笔记本电脑(11代英特尔酷睿i7-11800H 16G 512G RTX3060 165Hz 100%sRGB)黑,http://item.jd.com/100012622295.html,上涨,降幅6%
2022-03-07,8299.0,京品电脑戴尔(DELL)游匣G15 15.6英寸游戏笔记本电脑(11代英特尔酷睿i7-11800H 16G 512G RTX3060 165Hz 100%sRGB)黑,http://item.jd.com/100012622295.html,上涨,降幅6%
2022-03-08,7799.0,京品电脑戴尔(DELL)游匣G15 15.6英寸游戏笔记本电脑(11代英特尔酷睿i7-11800H 16G 512G RTX3060 165Hz 100%sRGB)黑,http://item.jd.com/100012622295.html,上涨,降幅6%
2022-03-08,7799.0,京品电脑戴尔(DELL)游匣G15 15.6英寸游戏笔记本电脑(11代英特尔酷睿i7-11800H 16G 512G RTX3060 165Hz 100%sRGB)黑,http://item.jd.com/100012622295.html,上涨,降幅6%
2022-03-09,8299.0,京品电脑戴尔(DELL)游匣G15 15.6英寸游戏笔记本电脑(11代英特尔酷睿i7-11800H 16G 512G RTX3060 165Hz 100%sRGB)黑,http://item.jd.com/100012622295.html,上涨,降幅6%
2022-03-10,8299.0,京品电脑戴尔(DELL)游匣G15 15.6英寸游戏笔记本电脑(11代英特尔酷睿i7-11800H 16G 512G RTX3060 165Hz 100%sRGB)黑,http://item.jd.com/100012622295.html,上涨,降幅6%
2022-03-11,8299.0,京品电脑戴尔(DELL)游匣G15 15.6英寸游戏笔记本电脑(11代英特尔酷睿i7-11800H 16G 512G RTX3060 165Hz 100%sRGB)黑,http://item.jd.com/100012622295.html,上涨,降幅6%
2022-03-11,8299.0,京品电脑戴尔(DELL)游匣G15 15.6英寸游戏笔记本电脑(11代英特尔酷睿i7-11800H 16G 512G RTX3060 165Hz 100%sRGB)黑,http://item.jd.com/100012622295.html,上涨,降幅6%
2022-03-12,7799.0,京品电脑戴尔(DELL)游匣G15 15.6英寸游戏笔记本电脑(11代英特尔酷睿i7-11800H 16G 512G RTX3060 165Hz 100%sRGB)黑,http://item.jd.com/100012622295.html,上涨,降幅6%
2022-03-12,7799.0,京品电脑戴尔(DELL)游匣G15 15.6英寸游戏笔记本电脑(11代英特尔酷睿i7-11800H 16G 512G RTX3060 165Hz 100%sRGB)黑,http://item.jd.com/100012622295.html,上涨,降幅6%
2022-03-13,8299.0,京品电脑戴尔(DELL)游匣G15 15.6英寸游戏笔记本电脑(11代英特尔酷睿i7-11800H 16G 512G RTX3060 165Hz 100%sRGB)黑,http://item.jd.com/100012622295.html,上涨,降幅6%
2022-03-13,8299.0,京品电脑戴尔(DELL)游匣G15 15.6英寸游戏笔记本电脑(11代英特尔酷睿i7-11800H 16G 512G RTX3060 165Hz 100%sRGB)黑,http://item.jd.com/100012622295.html,上涨,降幅6%
2022-03-14,7799.0,京品电脑戴尔(DELL)游匣G15 15.6英寸游戏笔记本电脑(11代英特尔酷睿i7-11800H 16G 512G RTX3060 165Hz 100%sRGB)黑,http://item.jd.com/100012622295.html,上涨,降幅6%
2022-03-15,7799.0,京品电脑戴尔(DELL)游匣G15 15.6英寸游戏笔记本电脑(11代英特尔酷睿i7-11800H 16G 512G RTX3060 165Hz 100%sRGB)黑,http://item.jd.com/100012622295.html,上涨,降幅6%
2022-03-16,7599.0,京品电脑戴尔(DELL)游匣G15 15.6英寸游戏笔记本电脑(11代英特尔酷睿i7-11800H 16G 512G RTX3060 165Hz 100%sRGB)黑,http://item.jd.com/100012622295.html,上涨,降幅6%
2022-03-16,7599.0,京品电脑戴尔(DELL)游匣G15 15.6英寸游戏笔记本电脑(11代英特尔酷睿i7-11800H 16G 512G RTX3060 165Hz 100%sRGB)黑,http://item.jd.com/100012622295.html,上涨,降幅6%
2022-03-17,8299.0,京品电脑戴尔(DELL)游匣G15 15.6英寸游戏笔记本电脑(11代英特尔酷睿i7-11800H 16G 512G RTX3060 165Hz 100%sRGB)黑,http://item.jd.com/100012622295.html,上涨,降幅6%
2022-03-17,8299.0,京品电脑戴尔(DELL)游匣G15 15.6英寸游戏笔记本电脑(11代英特尔酷睿i7-11800H 16G 512G RTX3060 165Hz 100%sRGB)黑,http://item.jd.com/100012622295.html,上涨,降幅6%
2022-03-18,7599.0,京品电脑戴尔(DELL)游匣G15 15.6英寸游戏笔记本电脑(11代英特尔酷睿i7-11800H 16G 512G RTX3060 165Hz 100%sRGB)黑,http://item.jd.com/100012622295.html,上涨,降幅6%
2022-03-18,7599.0,京品电脑戴尔(DELL)游匣G15 15.6英寸游戏笔记本电脑(11代英特尔酷睿i7-11800H 16G 512G RTX3060 165Hz 100%sRGB)黑,http://item.jd.com/100012622295.html,上涨,降幅6%
2022-03-19,8299.0,京品电脑戴尔(DELL)游匣G15 15.6英寸游戏笔记本电脑(11代英特尔酷睿i7-11800H 16G 512G RTX3060 165Hz 100%sRGB)黑,http://item.jd.com/100012622295.html,上涨,降幅6%
2022-03-20,8299.0,京品电脑戴尔(DELL)游匣G15 15.6英寸游戏笔记本电脑(11代英特尔酷睿i7-11800H 16G 512G RTX3060 165Hz 100%sRGB)黑,http://item.jd.com/100012622295.html,上涨,降幅6%
2022-03-21,7599.0,京品电脑戴尔(DELL)游匣G15 15.6英寸游戏笔记本电脑(11代英特尔酷睿i7-11800H 16G 512G RTX3060 165Hz 100%sRGB)黑,http://item.jd.com/100012622295.html,上涨,降幅6%
2022-03-21,7599.0,京品电脑戴尔(DELL)游匣G15 15.6英寸游戏笔记本电脑(11代英特尔酷睿i7-11800H 16G 512G RTX3060 165Hz 100%sRGB)黑,http://item.jd.com/100012622295.html,上涨,降幅6%
2022-03-22,7599.0,京品电脑戴尔(DELL)游匣G15 15.6英寸游戏笔记本电脑(11代英特尔酷睿i7-11800H 16G 512G RTX3060 165Hz 100%sRGB)黑,http://item.jd.com/100012622295.html,上涨,降幅6%
2022-03-22,7599.0,京品电脑戴尔(DELL)游匣G15 15.6英寸游戏笔记本电脑(11代英特尔酷睿i7-11800H 16G 512G RTX3060 165Hz 100%sRGB)黑,http://item.jd.com/100012622295.html,上涨,降幅6%
2022-03-23,8299.0,京品电脑戴尔(DELL)游匣G15 15.6英寸游戏笔记本电脑(11代英特尔酷睿i7-11800H 16G 512G RTX3060 165Hz 100%sRGB)黑,http://item.jd.com/100012622295.html,上涨,降幅6%
2022-03-23,8299.0,京品电脑戴尔(DELL)游匣G15 15.6英寸游戏笔记本电脑(11代英特尔酷睿i7-11800H 16G 512G RTX3060 165Hz 100%sRGB)黑,http://item.jd.com/100012622295.html,上涨,降幅6%
2022-03-24,7599.0,京品电脑戴尔(DELL)游匣G15 15.6英寸游戏笔记本电脑(11代英特尔酷睿i7-11800H 16G 512G RTX3060 165Hz 100%sRGB)黑,http://item.jd.com/100012622295.html,上涨,降幅6%
2022-03-25,7599.0,京品电脑戴尔(DELL)游匣G15 15.6英寸游戏笔记本电脑(11代英特尔酷睿i7-11800H 16G 512G RTX3060 165Hz 100%sRGB)黑,http://item.jd.com/100012622295.html,上涨,降幅6%
2022-03-26,7599.0,京品电脑戴尔(DELL)游匣G15 15.6英寸游戏笔记本电脑(11代英特尔酷睿i7-11800H 16G 512G RTX3060 165Hz 100%sRGB)黑,http://item.jd.com/100012622295.html,上涨,降幅6%
2022-03-26,7599.0,京品电脑戴尔(DELL)游匣G15 15.6英寸游戏笔记本电脑(11代英特尔酷睿i7-11800H 16G 512G RTX3060 165Hz 100%sRGB)黑,http://item.jd.com/100012622295.html,上涨,降幅6%
2022-03-27,8299.0,京品电脑戴尔(DELL)游匣G15 15.6英寸游戏笔记本电脑(11代英特尔酷睿i7-11800H 16G 512G RTX3060 165Hz 100%sRGB)黑,http://item.jd.com/100012622295.html,上涨,降幅6%
2022-03-27,8299.0,京品电脑戴尔(DELL)游匣G15 15.6英寸游戏笔记本电脑(11代英特尔酷睿i7-11800H 16G 512G RTX3060 165Hz 100%sRGB)黑,http://item.jd.com/100012622295.html,上涨,降幅6%
2022-03-28,7599.0,京品电脑戴尔(DELL)游匣G15 15.6英寸游戏笔记本电脑(11代英特尔酷睿i7-11800H 16G 512G RTX3060 165Hz 100%sRGB)黑,http://item.jd.com/100012622295.html,上涨,降幅6%
2022-03-27,7599.0,京品电脑戴尔(DELL)游匣G15 15.6英寸游戏笔记本电脑(11代英特尔酷睿i7-11800H 16G 512G RTX3060 165Hz 100%sRGB)黑,http://item.jd.com/100012622295.html,上涨,降幅6%
2022-03-28,8299.0,京品电脑戴尔(DELL)游匣G15 15.6英寸游戏笔记本电脑(11代英特尔酷睿i7-11800H 16G 512G RTX3060 165Hz 100%sRGB)黑,http://item.jd.com/100012622295.html,上涨,降幅6%
2022-04-01,8299.0,京品电脑戴尔(DELL)游匣G15 15.6英寸游戏笔记本电脑(11代英特尔酷睿i7-11800H 16G 512G RTX3060 165Hz 100%sRGB)黑,http://item.jd.com/100012622295.html,上涨,降幅6%
2022-04-02,7799.0,京品电脑戴尔(DELL)游匣G15 15.6英寸游戏笔记本电脑(11代英特尔酷睿i7-11800H 16G 512G RTX3060 165Hz 100%sRGB)黑,http://item.jd.com/100012622295.html,上涨,降幅6%
2022-04-02,7799.0,京品电脑戴尔(DELL)游匣G15 15.6英寸游戏笔记本电脑(11代英特尔酷睿i7-11800H 16G 512G RTX3060 165Hz 100%sRGB)黑,http://item.jd.com/100012622295.html,上涨,降幅6%
2022-04-03,7799.0,京品电脑戴尔(DELL)游匣G15 15.6英寸游戏笔记本电脑(11代英特尔酷睿i7-11800H 16G 512G RTX3060 165Hz 100%sRGB)黑,http://item.jd.com/100012622295.html,上涨,降幅6%
2022-04-03,7799.0,京品电脑戴尔(DELL)游匣G15 15.6英寸游戏笔记本电脑(11代英特尔酷睿i7-11800H 16G 512G RTX3060 165Hz 100%sRGB)黑,http://item.jd.com/100012622295.html,上涨,降幅6%
2022-04-04,7299.0,京品电脑戴尔(DELL)游匣G15 15.6英寸游戏笔记本电脑(11代英特尔酷睿i7-11800H 16G 512G RTX3060 165Hz 100%sRGB)黑,http://item.jd.com/100012622295.html,上涨,降幅6%
2022-04-04,7299.0,京品电脑戴尔(DELL)游匣G15 15.6英寸游戏笔记本电脑(11代英特尔酷睿i7-11800H 16G 512G RTX3060 165Hz 100%sRGB)黑,http://item.jd.com/100012622295.html,上涨,降幅6%
2022-04-05,7799.0,京品电脑戴尔(DELL)游匣G15 15.6英寸游戏笔记本电脑(11代英特尔酷睿i7-11800H 16G 512G RTX3060 165Hz 100%sRGB)黑,http://item.jd.com/100012622295.html,上涨,降幅6%
2022-04-05,7799.0,京品电脑戴尔(DELL)游匣G15 15.6英寸游戏笔记本电脑(11代英特尔酷睿i7-11800H 16G 512G RTX3060 165Hz 100%sRGB)黑,http://item.jd.com/100012622295.html,上涨,降幅6%
2022-04-06,7799.0,京品电脑戴尔(DELL)游匣G15 15.6英寸游戏笔记本电脑(11代英特尔酷睿i7-11800H 16G 512G RTX3060 165Hz 100%sRGB)黑,http://item.jd.com/100012622295.html,上涨,降幅6%
2022-04-06,7799.0,京品电脑戴尔(DELL)游匣G15 15.6英寸游戏笔记本电脑(11代英特尔酷睿i7-11800H 16G 512G RTX3060 165Hz 100%sRGB)黑,http://item.jd.com/100012622295.html,上涨,降幅6%
2022-04-07,7299.0,京品电脑戴尔(DELL)游匣G15 15.6英寸游戏笔记本电脑(11代英特尔酷睿i7-11800H 16G 512G RTX3060 165Hz 100%sRGB)黑,http://item.jd.com/100012622295.html,上涨,降幅6%
2022-04-07,7299.0,京品电脑戴尔(DELL)游匣G15 15.6英寸游戏笔记本电脑(11代英特尔酷睿i7-11800H 16G 512G RTX3060 165Hz 100%sRGB)黑,http://item.jd.com/100012622295.html,上涨,降幅6%
2022-04-08,7299.0,京品电脑戴尔(DELL)游匣G15 15.6英寸游戏笔记本电脑(11代英特尔酷睿i7-11800H 16G 512G RTX3060 165Hz 100%sRGB)黑,http://item.jd.com/100012622295.html,上涨,降幅6%
2022-04-08,7299.0,京品电脑戴尔(DELL)游匣G15 15.6英寸游戏笔记本电脑(11代英特尔酷睿i7-11800H 16G 512G RTX3060 165Hz 100%sRGB)黑,http://item.jd.com/100012622295.html,上涨,降幅6%
2022-04-09,7799.0,京品电脑戴尔(DELL)游匣G15 15.6英寸游戏笔记本电脑(11代英特尔酷睿i7-11800H 16G 512G RTX3060 165Hz 100%sRGB)黑,http://item.jd.com/100012622295.html,上涨,降幅6%
2022-04-09,7799.0,京品电脑戴尔(DELL)游匣G15 15.6英寸游戏笔记本电脑(11代英特尔酷睿i7-11800H 16G 512G RTX3060 165Hz 100%sRGB)黑,http://item.jd.com/100012622295.html,上涨,降幅6%
2022-04-10,7299.0,京品电脑戴尔(DELL)游匣G15 15.6英寸游戏笔记本电脑(11代英特尔酷睿i7-11800H 16G 512G RTX3060 165Hz 100%sRGB)黑,http://item.jd.com/100012622295.html,上涨,降幅6%
2022-04-10,7299.0,京品电脑戴尔(DELL)游匣G15 15.6英寸游戏笔记本电脑(11代英特尔酷睿i7-11800H 16G 512G RTX3060 165Hz 100%sRGB)黑,http://item.jd.com/100012622295.html,上涨,降幅6%
2022-04-11,7799.0,京品电脑戴尔(DELL)游匣G15 15.6英寸游戏笔记本电脑(11代英特尔酷睿i7-11800H 16G 512G RTX3060 165Hz 100%sRGB)黑,http://item.jd.com/100012622295.html,上涨,降幅6%
2022-04-12,7799.0,京品电脑戴尔(DELL)游匣G15 15.6英寸游戏笔记本电脑(11代英特尔酷睿i7-11800H 16G 512G RTX3060 165Hz 100%sRGB)黑,http://item.jd.com/100012622295.html,上涨,降幅6%
2022-04-13,7799.0,京品电脑戴尔(DELL)游匣G15 15.6英寸游戏笔记本电脑(11代英特尔酷睿i7-11800H 16G 512G RTX3060 165Hz 100%sRGB)黑,http://item.jd.com/100012622295.html,上涨,降幅6%
2022-04-13,7799.0,京品电脑戴尔(DELL)游匣G15 15.6英寸游戏笔记本电脑(11代英特尔酷睿i7-11800H 16G 512G RTX3060 165Hz 100%sRGB)黑,http://item.jd.com/100012622295.html,上涨,降幅6%
2022-04-14,7299.0,京品电脑戴尔(DELL)游匣G15 15.6英寸游戏笔记本电脑(11代英特尔酷睿i7-11800H 16G 512G RTX3060 165Hz 100%sRGB)黑,http://item.jd.com/100012622295.html,上涨,降幅6%
2022-04-14,7299.0,京品电脑戴尔(DELL)游匣G15 15.6英寸游戏笔记本电脑(11代英特尔酷睿i7-11800H 16G 512G RTX3060 165Hz 100%sRGB)黑,http://item.jd.com/100012622295.html,上涨,降幅6%
2022-04-15,7299.0,京品电脑戴尔(DELL)游匣G15 15.6英寸游戏笔记本电脑(11代英特尔酷睿i7-11800H 16G 512G RTX3060 165Hz 100%sRGB)黑,http://item.jd.com/100012622295.html,上涨,降幅6%
2022-04-15,7299.0,京品电脑戴尔(DELL)游匣G15 15.6英寸游戏笔记本电脑(11代英特尔酷睿i7-11800H 16G 512G RTX3060 165Hz 100%sRGB)黑,http://item.jd.com/100012622295.html,上涨,降幅6%
2022-04-16,7799.0,京品电脑戴尔(DELL)游匣G15 15.6英寸游戏笔记本电脑(11代英特尔酷睿i7-11800H 16G 512G RTX3060 165Hz 100%sRGB)黑,http://item.jd.com/100012622295.html,上涨,降幅6%
2022-04-16,7799.0,京品电脑戴尔(DELL)游匣G15 15.6英寸游戏笔记本电脑(11代英特尔酷睿i7-11800H 16G 512G RTX3060 165Hz 100%sRGB)黑,http://item.jd.com/100012622295.html,上涨,降幅6%
2022-04-17,7799.0,京品电脑戴尔(DELL)游匣G15 15.6英寸游戏笔记本电脑(11代英特尔酷睿i7-11800H 16G 512G RTX3060 165Hz 100%sRGB)黑,http://item.jd.com/100012622295.html,上涨,降幅6%
2022-04-17,7799.0,京品电脑戴尔(DELL)游匣G15 15.6英寸游戏笔记本电脑(11代英特尔酷睿i7-11800H 16G 512G RTX3060 165Hz 100%sRGB)黑,http://item.jd.com/100012622295.html,上涨,降幅6%
2022-04-18,7299.0,京品电脑戴尔(DELL)游匣G15 15.6英寸游戏笔记本电脑(11代英特尔酷睿i7-11800H 16G 512G RTX3060 165Hz 100%sRGB)黑,http://item.jd.com/100012622295.html,上涨,降幅6%
2022-04-18,7299.0,京品电脑戴尔(DELL)游匣G15 15.6英寸游戏笔记本电脑(11代英特尔酷睿i7-11800H 16G 512G RTX3060 165Hz 100%sRGB)黑,http://item.jd.com/100012622295.html,上涨,降幅6%
2022-04-19,7799.0,京品电脑戴尔(DELL)游匣G15 15.6英寸游戏笔记本电脑(11代英特尔酷睿i7-11800H 16G 512G RTX3060 165Hz 100%sRGB)黑,http://item.jd.com/100012622295.html,上涨,降幅6%
2022-04-19,7799.0,京品电脑戴尔(DELL)游匣G15 15.6英寸游戏笔记本电脑(11代英特尔酷睿i7-11800H 16G 512G RTX3060 165Hz 100%sRGB)黑,http://item.jd.com/100012622295.html,上涨,降幅6%
2022-04-20,7299.0,京品电脑戴尔(DELL)游匣G15 15.6英寸游戏笔记本电脑(11代英特尔酷睿i7-11800H 16G 512G RTX3060 165Hz 100%sRGB)黑,http://item.jd.com/100012622295.html,上涨,降幅6%
2022-04-20,7299.0,京品电脑戴尔(DELL)游匣G15 15.6英寸游戏笔记本电脑(11代英特尔酷睿i7-11800H 16G 512G RTX3060 165Hz 100%sRGB)黑,http://item.jd.com/100012622295.html,上涨,降幅6%
2022-04-21,7299.0,京品电脑戴尔(DELL)游匣G15 15.6英寸游戏笔记本电脑(11代英特尔酷睿i7-11800H 16G 512G RTX3060 165Hz 100%sRGB)黑,http://item.jd.com/100012622295.html,上涨,降幅6%
2022-04-21,7299.0,京品电脑戴尔(DELL)游匣G15 15.6英寸游戏笔记本电脑(11代英特尔酷睿i7-11800H 16G 512G RTX3060 165Hz 100%sRGB)黑,http://item.jd.com/100012622295.html,上涨,降幅6%
2022-04-22,7799.0,京品电脑戴尔(DELL)游匣G15 15.6英寸游戏笔记本电脑(11代英特尔酷睿i7-11800H 16G 512G RTX3060 165Hz 100%sRGB)黑,http://item.jd.com/100012622295.html,上涨,降幅6%
2022-04-23,7799.0,京品电脑戴尔(DELL)游匣G15 15.6英寸游戏笔记本电脑(11代英特尔酷睿i7-11800H 16G 512G RTX3060 165Hz 100%sRGB)黑,http://item.jd.com/100012622295.html,上涨,降幅6%
2022-04-24,7799.0,京品电脑戴尔(DELL)游匣G15 15.6英寸游戏笔记本电脑(11代英特尔酷睿i7-11800H 16G 512G RTX3060 165Hz 100%sRGB)黑,http://item.jd.com/100012622295.html,上涨,降幅6%
2022-04-24,7799.0,京品电脑戴尔(DELL)游匣G15 15.6英寸游戏笔记本电脑(11代英特尔酷睿i7-11800H 16G 512G RTX3060 165Hz 100%sRGB)黑,http://item.jd.com/100012622295.html,上涨,降幅6%
2022-04-25,7299.0,京品电脑戴尔(DELL)游匣G15 15.6英寸游戏笔记本电脑(11代英特尔酷睿i7-11800H 16G 512G RTX3060 165Hz 100%sRGB)黑,http://item.jd.com/100012622295.html,上涨,降幅6%
2022-04-25,7299.0,京品电脑戴尔(DELL)游匣G15 15.6英寸游戏笔记本电脑(11代英特尔酷睿i7-11800H 16G 512G RTX3060 165Hz 100%sRGB)黑,http://item.jd.com/100012622295.html,上涨,降幅6%
2022-04-26,7799.0,京品电脑戴尔(DELL)游匣G15 15.6英寸游戏笔记本电脑(11代英特尔酷睿i7-11800H 16G 512G RTX3060 165Hz 100%sRGB)黑,http://item.jd.com/100012622295.html,上涨,降幅6%
2022-04-26,7799.0,京品电脑戴尔(DELL)游匣G15 15.6英寸游戏笔记本电脑(11代英特尔酷睿i7-11800H 16G 512G RTX3060 165Hz 100%sRGB)黑,http://item.jd.com/100012622295.html,上涨,降幅6%
2022-04-27,7299.0,京品电脑戴尔(DELL)游匣G15 15.6英寸游戏笔记本电脑(11代英特尔酷睿i7-11800H 16G 512G RTX3060 165Hz 100%sRGB)黑,http://item.jd.com/100012622295.html,上涨,降幅6%
2022-04-27,7299.0,京品电脑戴尔(DELL)游匣G15 15.6英寸游戏笔记本电脑(11代英特尔酷睿i7-11800H 16G 512G RTX3060 165Hz 100%sRGB)黑,http://item.jd.com/100012622295.html,上涨,降幅6%
2022-04-28,7799.0,京品电脑戴尔(DELL)游匣G15 15.6英寸游戏笔记本电脑(11代英特尔酷睿i7-11800H 16G 512G RTX3060 165Hz 100%sRGB)黑,http://item.jd.com/100012622295.html,上涨,降幅6%
2022-04-28,7799.0,京品电脑戴尔(DELL)游匣G15 15.6英寸游戏笔记本电脑(11代英特尔酷睿i7-11800H 16G 512G RTX3060 165Hz 100%sRGB)黑,http://item.jd.com/100012622295.html,上涨,降幅6%
2022-04-29,7299.0,京品电脑戴尔(DELL)游匣G15 15.6英寸游戏笔记本电脑(11代英特尔酷睿i7-11800H 16G 512G RTX3060 165Hz 100%sRGB)黑,http://item.jd.com/100012622295.html,上涨,降幅6%
2022-04-29,7299.0,京品电脑戴尔(DELL)游匣G15 15.6英寸游戏笔记本电脑(11代英特尔酷睿i7-11800H 16G 512G RTX3060 165Hz 100%sRGB)黑,http://item.jd.com/100012622295.html,上涨,降幅6%
2022-04-30,7299.0,京品电脑戴尔(DELL)游匣G15 15.6英寸游戏笔记本电脑(11代英特尔酷睿i7-11800H 16G 512G RTX3060 165Hz 100%sRGB)黑,http://item.jd.com/100012622295.html,上涨,降幅6%
2022-04-30,7299.0,京品电脑戴尔(DELL)游匣G15 15.6英寸游戏笔记本电脑(11代英特尔酷睿i7-11800H 16G 512G RTX3060 165Hz 100%sRGB)黑,http://item.jd.com/100012622295.html,上涨,降幅6%
2022-05-01,7299.0,京品电脑戴尔(DELL)游匣G15 15.6英寸游戏笔记本电脑(11代英特尔酷睿i7-11800H 16G 512G RTX3060 165Hz 100%sRGB)黑,http://item.jd.com/100012622295.html,上涨,降幅6%
2022-05-01,7299.0,京品电脑戴尔(DELL)游匣G15 15.6英寸游戏笔记本电脑(11代英特尔酷睿i7-11800H 16G 512G RTX3060 165Hz 100%sRGB)黑,http://item.jd.com/100012622295.html,上涨,降幅6%
2022-05-02,7299.0,京品电脑戴尔(DELL)游匣G15 15.6英寸游戏笔记本电脑(11代英特尔酷睿i7-11800H 16G 512G RTX3060 165Hz 100%sRGB)黑,http://item.jd.com/100012622295.html,上涨,降幅6%
2022-05-02,7299.0,京品电脑戴尔(DELL)游匣G15 15.6英寸游戏笔记本电脑(11代英特尔酷睿i7-11800H 16G 512G RTX3060 165Hz 100%sRGB)黑,http://item.jd.com/100012622295.html,上涨,降幅6%
2022-05-03,7299.0,京品电脑戴尔(DELL)游匣G15 15.6英寸游戏笔记本电脑(11代英特尔酷睿i7-11800H 16G 512G RTX3060 165Hz 100%sRGB)黑,http://item.jd.com/100012622295.html,上涨,降幅6%
